,requestId,submissionId,status,matchDescription,primary.gender,primary.maritalStatus,primary.memberCode,primary.parsedAddress.addressLine1,primary.parsedAddress.city,primary.parsedAddress.state,primary.parsedAddress.zipCode,primary.parsedAddress.addressType,primary.homeOwnerStatus,primary.lengthOfResidence,primary.numberOfGenerations,primary.presenceOf16Or17YearOlds,primary.babyBoomer,primary.dualIncomeNoKids,primary.millennial,primary.vehicleHouseholdNum,drivers,vehicles,vehiclesEnhanced,requestBody.person.middleName,requestBody.person.lastName,requestBody.person.firstName,requestBody.person.dateOfBirth,requestBody.address.city,requestBody.address.state,requestBody.address.addressLine1,requestBody.address.zipCode,requestBody.otherAddresses,requestBody.standardizeAddress
0,7b9c09ec-327f-4ca5-b12e-a1fe04b85570,heimdal_test_AutoPrefill_service-000000,Success,Artificial match,Female,Married,Primary Household Member,63724 RAMSEY WAY,DALLAS,TX,75246,Street Address,Definite Owner,11-15 yrs,1,False,True,False,False,1,"[{'firstName': 'JENNY', 'middleName': 'P', 'lastName': 'EVERYWHERE', 'dateOfBirth': '11/10/1962', 'age': 58, 'gender': 'Female', 'maritalStatus': 'Married', 'memberCode': 'Primary Household Member', 'verificationDate': '02/15/2020'}, {'firstName': 'HUGO', 'middleName': 'J', 'lastName': 'DANNER', 'dateOfBirth': '11/12/1964', 'age': 55, 'gender': 'Male', 'maritalStatus': 'Single', 'memberCode': 'Primary Household Member', 'verificationDate': '11/15/2018'}]","[{'confidence': 50, 'description': '2014 ACURA ILX', 'year': '2014', 'make': 'ACURA', 'model': 'ILX', 'type': 'Sedan', 'fuelType': 'Gas', 'mileage': '0 - 10,000', 'marketValue': None}, {'confidence': 80, 'description': '2004 ACURA TL', 'year': '2004', 'make': 'ACURA', 'model': 'TL', 'type': 'Sedan', 'fuelType': 'Gas', 'mileage': None, 'marketValue': None}]",[],, Everywhere,Jenny, 11/10/1962, Dallas, TX, 63724 Ramsey Way,75246,[],False
1,efaadf2e-4a4b-4327-8b7f-5336eb5743e4,heimdal_test_AutoPrefill_service-000001,Success,Artificial match,Male,Single,Primary Household Member,63724 RAMSEY WAY,DALLAS,TX,75246,Street Address,Probable Owner,11-15 yrs,1,False,True,False,False,0,"[{'firstName': 'HUGO', 'middleName': 'J', 'lastName': 'DANNER', 'dateOfBirth': '11/12/1964', 'age': 56, 'gender': 'Male', 'maritalStatus': 'Single', 'memberCode': 'Primary Household Member', 'verificationDate': '11/15/2018'}, {'firstName': 'JENNY', 'middleName': 'P', 'lastName': 'EVERYWHERE', 'dateOfBirth': '11/10/1962', 'age': 57, 'gender': 'Female', 'maritalStatus': 'Married', 'memberCode': 'Primary Household Member', 'verificationDate': '02/15/2020'}]",[],[],, Danner,Hugo, 11/12/1964, Dallas, TX, 63724 Ramsey Way,75246,[],False
2,25ce80ce-e543-47e4-ac8f-ccf0dbd430ac,heimdal_test_AutoPrefill_service-000002,Success,Artificial match,Female,Single,Primary Household Member,PO BOX 12112,VAIL,AZ,85641,PO Box,Definite Owner,20+ yrs,1,False,True,False,False,0,"[{'firstName': 'SIBILLA', 'middleName': 'R', 'lastName': 'WARDLEY', 'dateOfBirth': '09/01/1949', 'age': 71, 'gender': 'Female', 'maritalStatus': 'Single', 'memberCode': 'Primary Household Member', 'verificationDate': '07/15/2019'}]",[],[],, Wardley,Sibilla, 09/01/1949, Vail, AZ, PO BOX 12112,85641,[],False
3,cc4215b9-2cb1-48f2-879b-e29c5fb04912,heimdal_test_AutoPrefill_service-000003,Success,Artificial match,Male,Married,Primary Household Member,826 KILDEER HL,DAYTON,OH,45419,Street Address,Definite Owner,11-15 yrs,1,False,True,False,False,4,"[{'firstName': 'OGGIE', 'middleName': 'J', 'lastName': 'JARREL', 'dateOfBirth': '02/14/1951', 'age': 70, 'gender': 'Male', 'maritalStatus': 'Married', 'memberCode': 'Primary Household Member', 'verificationDate': '03/15/2020'}, {'firstName': 'WINNIE', 'middleName': 'L', 'lastName': 'JARREL', 'dateOfBirth': '03/27/1952', 'age': 68, 'gender': 'Female', 'maritalStatus': 'Married', 'memberCode': 'Other Household Members', 'verificationDate': '02/15/2020'}, {'firstName': 'LILLY', 'middleName': None, 'lastName': 'MCLINTOCK', 'dateOfBirth': '03/04/1972', 'age': 48, 'gender': 'Female', 'maritalStatus': 'Single', 'memberCode': 'Primary Household Member', 'verificationDate': '05/15/2017'}]","[{'confidence': 90, 'description': '1994 FORD F 150', 'year': '1994', 'make': 'FORD', 'model': 'F 150', 'type': 'Unknown', 'fuelType': None, 'mileage': None, 'marketValue': None}, {'confidence': 70, 'description': '2017 MITSUBISHI OUTLANDER', 'year': '2017', 'make': 'MITSUBISHI', 'model': 'OUTLANDER', 'type': 'Utility', 'fuelType': 'Gas', 'mileage': None, 'marketValue': None}, {'confidence': 70, 'description': '2003 FORD F-250 SUPER DUTY', 'year': '2003', 'make': 'FORD', 'model': 'F-250 SUPER DUTY', 'type': 'Pickup', 'fuelType': 'Diesel', 'mileage': None, 'marketValue': None}, {'confidence': 70, 'description': '2003 FORD RANGER', 'year': '2003', 'make': 'FORD', 'model': 'RANGER', 'type': 'Pickup', 'fuelType': 'Gas', 'mileage': None, 'marketValue': None}, {'confidence': 10, 'description': '1991 FORD ESCORT', 'year': '1991', 'make': 'FORD', 'model': 'ESCORT', 'type': 'Hatchback', 'fuelType': 'Gas', 'mileage': None, 'marketValue': None}]",[],, Jarrel,Oggie, 02/14/1951, Dayton, OH, 826 Kildeer Hl,45419,[],False
4,01cd51cc-3039-4a49-9945-f220d5ca0e72,heimdal_test_AutoPrefill_service-000004,Success,Artificial match,Female,Married,Other Household Members,826 KILDEER HL,DAYTON,OH,45419,Street Address,Definite Owner,11-15 yrs,1,False,True,False,False,4,"[{'firstName': 'WINNIE', 'middleName': 'L', 'lastName': 'JARREL', 'dateOfBirth': '03/27/1952', 'age': 69, 'gender': 'Female', 'maritalStatus': 'Married', 'memberCode': 'Other Household Members', 'verificationDate': '02/15/2020'}, {'firstName': 'OGGIE', 'middleName': 'J', 'lastName': 'JARREL', 'dateOfBirth': '02/14/1951', 'age': 69, 'gender': 'Male', 'maritalStatus': 'Married', 'memberCode': 'Primary Household Member', 'verificationDate': '03/15/2020'}, {'firstName': 'LILLY', 'middleName': None, 'lastName': 'MCLINTOCK', 'dateOfBirth': '03/04/1972', 'age': 48, 'gender': 'Female', 'maritalStatus': 'Single', 'memberCode': 'Primary Household Member', 'verificationDate': '05/15/2017'}]","[{'confidence': 90, 'description': '1994 FORD F 150', 'year': '1994', 'make': 'FORD', 'model': 'F 150', 'type': 'Unknown', 'fuelType': None, 'mileage': None, 'marketValue': None}, {'confidence': 70, 'description': '2017 MITSUBISHI OUTLANDER', 'year': '2017', 'make': 'MITSUBISHI', 'model': 'OUTLANDER', 'type': 'Utility', 'fuelType': 'Gas', 'mileage': None, 'marketValue': None}, {'confidence': 70, 'description': '2003 FORD F-250 SUPER DUTY', 'year': '2003', 'make': 'FORD', 'model': 'F-250 SUPER DUTY', 'type': 'Pickup', 'fuelType': 'Diesel', 'mileage': None, 'marketValue': None}, {'confidence': 70, 'description': '2003 FORD RANGER', 'year': '2003', 'make': 'FORD', 'model': 'RANGER', 'type': 'Pickup', 'fuelType': 'Gas', 'mileage': None, 'marketValue': None}, {'confidence': 10, 'description': '1991 FORD ESCORT', 'year': '1991', 'make': 'FORD', 'model': 'ESCORT', 'type': 'Hatchback', 'fuelType': 'Gas', 'mileage': None, 'marketValue': None}]",[],, Jarrel,Winnie, 03/27/1952, Dayton, OH, 826 Kildeer Hl,45419,[],False
5,09fd7fe6-e9ba-4501-a8dc-cbba947f7ec6,heimdal_test_AutoPrefill_service-000005,Success,Artificial match,Female,Single,Primary Household Member,826 KILDEER HL,DAYTON,OH,45419,Street Address,Probable Owner,16-20 yrs,1,False,False,False,False,0,"[{'firstName': 'LILLY', 'middleName': None, 'lastName': 'MCLINTOCK', 'dateOfBirth': '03/04/1972', 'age': 49, 'gender': 'Female', 'maritalStatus': 'Single', 'memberCode': 'Primary Household Member', 'verificationDate': '05/15/2017'}, {'firstName': 'OGGIE', 'middleName': 'J', 'lastName': 'JARREL', 'dateOfBirth': '02/14/1951', 'age': 69, 'gender': 'Male', 'maritalStatus': 'Married', 'memberCode': 'Primary Household Member', 'verificationDate': '03/15/2020'}, {'firstName': 'WINNIE', 'middleName': 'L', 'lastName': 'JARREL', 'dateOfBirth': '03/27/1952', 'age': 68, 'gender': 'Female', 'maritalStatus': 'Married', 'memberCode': 'Other Household Members', 'verificationDate': '02/15/2020'}]",[],[],, McLintock,Lilly, 03/04/1972, Dayton, OH, 826 Kildeer Hl,45419,[],False
6,9eb1324f-84b2-40c3-a7c5-e52cdf1d2265,heimdal_test_AutoPrefill_service-000006,Success,Artificial match,Female,Single,Other Household Members,4 KEDZIE POINT,CHARLOTTE,NC,28242,Street Address,Definite Owner,6-10 yrs,1,False,False,False,False,1,"[{'firstName': 'FREIDA', 'middleName': 'T', 'lastName': 'MARCINKUS', 'dateOfBirth': '12/11/1997', 'age': 23, 'gender': 'Female', 'maritalStatus': 'Single', 'memberCode': 'Other Household Members', 'verificationDate': '02/15/2020'}, {'firstName': 'RAIMUND', 'middleName': 'A', 'lastName': 'MARCINKUS', 'dateOfBirth': '09/30/1975', 'age': 44, 'gender': 'Male', 'maritalStatus': 'Married', 'memberCode': 'Primary Household Member', 'verificationDate': '12/15/2019'}, {'firstName': 'NICOLE', 'middleName': 'L', 'lastName': 'VELAZQUEZ', 'dateOfBirth': '06/11/1977', 'age': 42, 'gender': 'Female', 'maritalStatus': 'Single', 'memberCode': 'Primary Household Member', 'verificationDate': '12/15/2018'}, {'firstName': 'FRIDA', 'middleName': 'T', 'lastName': 'MARCINKUS', 'dateOfBirth': '09/02/1962', 'age': 58, 'gender': 'Female', 'maritalStatus': 'Married', 'memberCode': 'Other Household Members', 'verificationDate': '02/15/2020'}]","[{'confidence': 70, 'description': '2016 AUDI A3', 'year': '2016', 'make': 'AUDI', 'model': 'A3', 'type': 'Sedan', 'fuelType': 'Gas', 'mileage': None, 'marketValue': None}, {'confidence': 40, 'description': '2011 HONDA PILOT', 'year': '2011', 'make': 'HONDA', 'model': 'PILOT', 'type': 'Utility', 'fuelType': 'Gas', 'mileage': None, 'marketValue': None}]",[],, Marcinkus,Freida, 12/11/1997, Charlotte, NC, 4 Kedzie Point,28242,[],False
7,351ce0fa-2ece-4631-9527-8303036bbd7f,heimdal_test_AutoPrefill_service-000007,Success,Artificial match,Male,Married,Primary Household Member,4 KEDZIE POINT,CHARLOTTE,NC,28242,Street Address,Definite Owner,6-10 yrs,1,False,False,False,False,1,"[{'firstName': 'RAIMUND', 'middleName': 'A', 'lastName': 'MARCINKUS', 'dateOfBirth': '09/30/1975', 'age': 45, 'gender': 'Male', 'maritalStatus': 'Married', 'memberCode': 'Primary Household Member', 'verificationDate': '12/15/2019'}, {'firstName': 'FREIDA', 'middleName': 'T', 'lastName': 'MARCINKUS', 'dateOfBirth': '12/11/1997', 'age': 22, 'gender': 'Female', 'maritalStatus': 'Single', 'memberCode': 'Other Household Members', 'verificationDate': '02/15/2020'}, {'firstName': 'NICOLE', 'middleName': 'L', 'lastName': 'VELAZQUEZ', 'dateOfBirth': '06/11/1977', 'age': 42, 'gender': 'Female', 'maritalStatus': 'Single', 'memberCode': 'Primary Household Member', 'verificationDate': '12/15/2018'}, {'firstName': 'FRIDA', 'middleName': 'T', 'lastName': 'MARCINKUS', 'dateOfBirth': '09/02/1962', 'age': 58, 'gender': 'Female', 'maritalStatus': 'Married', 'memberCode': 'Other Household Members', 'verificationDate': '02/15/2020'}]","[{'confidence': 70, 'description': '2016 AUDI A3', 'year': '2016', 'make': 'AUDI', 'model': 'A3', 'type': 'Sedan', 'fuelType': 'Gas', 'mileage': None, 'marketValue': None}, {'confidence': 40, 'description': '2011 HONDA PILOT', 'year': '2011', 'make': 'HONDA', 'model': 'PILOT', 'type': 'Utility', 'fuelType': 'Gas', 'mileage': None, 'marketValue': None}]",[],, Marcinkus,Raimund, 09/30/1975, Charlotte, NC, 4 Kedzie Point,28242,[],False
8,da799afc-d037-4487-a386-64d812bc00b6,heimdal_test_AutoPrefill_service-000008,Success,Artificial match,Female,Single,Primary Household Member,4 KEDZIE POINT,CHARLOTTE,NC,28242,Street Address,Probable Owner,6-10 yrs,2,False,False,False,False,1,"[{'firstName': 'NICOLE', 'middleName': 'L', 'lastName': 'VELAZQUEZ', 'dateOfBirth': '06/11/1977', 'age': 44, 'gender': 'Female', 'maritalStatus': 'Single', 'memberCode': 'Primary Household Member', 'verificationDate': '12/15/2018'}, {'firstName': 'FREIDA', 'middleName': 'T', 'lastName': 'MARCINKUS', 'dateOfBirth': '12/11/1997', 'age': 22, 'gender': 'Female', 'maritalStatus': 'Single', 'memberCode': 'Other Household Members', 'verificationDate': '02/15/2020'}, {'firstName': 'RAIMUND', 'middleName': 'A', 'lastName': 'MARCINKUS', 'dateOfBirth': '09/30/1975', 'age': 44, 'gender': 'Male', 'maritalStatus': 'Married', 'memberCode': 'Primary Household Member', 'verificationDate': '12/15/2019'}, {'firstName': 'FRIDA', 'middleName': 'T', 'lastName': 'MARCINKUS', 'dateOfBirth': '09/02/1962', 'age': 58, 'gender': 'Female', 'maritalStatus': 'Married', 'memberCode': 'Other Household Members', 'verificationDate': '02/15/2020'}]","[{'confidence': 80, 'description': '2016 AUDI A6', 'year': '2016', 'make': 'AUDI', 'model': 'A6', 'type': 'Sedan', 'fuelType': 'Gas', 'mileage': None, 'marketValue': None}]",[],, Velazquez,Nicole, 06/11/1977, Charlotte, NC, 4 Kedzie Point,28242,[],False
9,e868d268-d674-4298-bf7b-d5aa577fe6be,heimdal_test_AutoPrefill_service-000009,Success,Artificial match,Female,Married,Other Household Members,4 KEDZIE POINT,CHARLOTTE,NC,28242,Street Address,Definite Owner,6-10 yrs,1,False,False,False,False,1,"[{'firstName': 'FRIDA', 'middleName': 'T', 'lastName': 'MARCINKUS', 'dateOfBirth': '12/11/1999', 'age': 21, 'gender': 'Female', 'maritalStatus': 'Married', 'memberCode': 'Other Household Members', 'verificationDate': '02/15/2020'}, {'firstName': 'FREIDA', 'middleName': 'T', 'lastName': 'MARCINKUS', 'dateOfBirth': '12/11/1997', 'age': 22, 'gender': 'Female', 'maritalStatus': 'Single', 'memberCode': 'Other Household Members', 'verificationDate': '02/15/2020'}, {'firstName': 'RAIMUND', 'middleName': 'A', 'lastName': 'MARCINKUS', 'dateOfBirth': '09/30/1975', 'age': 44, 'gender': 'Male', 'maritalStatus': 'Married', 'memberCode': 'Primary Household Member', 'verificationDate': '12/15/2019'}, {'firstName': 'NICOLE', 'middleName': 'L', 'lastName': 'VELAZQUEZ', 'dateOfBirth': '06/11/1977', 'age': 42, 'gender': 'Female', 'maritalStatus': 'Single', 'memberCode': 'Primary Household Member', 'verificationDate': '12/15/2018'}]","[{'confidence': 70, 'description': '2016 AUDI A3', 'year': '2016', 'make': 'AUDI', 'model': 'A3', 'type': 'Sedan', 'fuelType': 'Gas', 'mileage': None, 'marketValue': None}, {'confidence': 40, 'description': '2011 HONDA PILOT', 'year': '2011', 'make': 'HONDA', 'model': 'PILOT', 'type': 'Utility', 'fuelType': 'Gas', 'mileage': None, 'marketValue': None}]",[],, Marcinkus,Frida, 12/11/1999, Charlotte, NC, 4 Kedzie Point,28242,[],False
10,dcb9fc60-b43f-41b4-8c66-1cceb4deb3c4,heimdal_test_AutoPrefill_service-000010,Success,Artificial match,Female,Single,Other Household Members,86 LONDONDERRY TERRACE,PASADENA,CA,91125,Street Address,Definite Owner,11-15 yrs,3,False,False,False,False,0,"[{'firstName': 'LORALIE', 'middleName': 'U', 'lastName': 'HUARD', 'dateOfBirth': '03/06/1980', 'age': 41, 'gender': 'Female', 'maritalStatus': 'Single', 'memberCode': 'Other Household Members', 'verificationDate': '12/15/2018'}, {'firstName': 'YAJEE', 'middleName': 'J', 'lastName': 'HUARD', 'dateOfBirth': None, 'age': None, 'gender': 'Female', 'maritalStatus': 'Single', 'memberCode': 'Other Household Members', 'verificationDate': '05/15/2018'}, {'firstName': 'MOHAMMED', 'middleName': 'M', 'lastName': 'HUARD', 'dateOfBirth': '09/01/1937', 'age': 82, 'gender': 'Male', 'maritalStatus': 'Married', 'memberCode': 'Primary Household Member', 'verificationDate': '11/15/2017'}, {'firstName': 'TERESSA', 'middleName': 'S', 'lastName': 'HUARD', 'dateOfBirth': '02/01/1977', 'age': 43, 'gender': 'Female', 'maritalStatus': 'Married', 'memberCode': 'Other Household Members', 'verificationDate': '12/15/2018'}, {'firstName': 'JUNE', 'middleName': 'M', 'lastName': 'HUARD', 'dateOfBirth': '09/07/1967', 'age': 52, 'gender': 'Female', 'maritalStatus': 'Single', 'memberCode': 'Other Household Members', 'verificationDate': '02/15/2018'}]","[{'confidence': 20, 'description': '2008 HONDA ACCORD', 'year': '2008', 'make': 'HONDA', 'model': 'ACCORD', 'type': 'Sedan', 'fuelType': 'Gas', 'mileage': None, 'marketValue': None}, {'confidence': 0, 'description': '2001 CHRYSLER VOYAGER', 'year': '2001', 'make': 'CHRYSLER', 'model': 'VOYAGER', 'type': 'Van', 'fuelType': 'Gas', 'mileage': '80,001 - 90,000', 'marketValue': None}]",[],, Huard,Loralie, 03/06/1980, Pasadena, CA, 86 Londonderry Terrace,91125,[],False
11,a720d08b-e52f-4e10-a423-a8a595da73c6,heimdal_test_AutoPrefill_service-000011,Success,Artificial match,Female,Single,Other Household Members,86 LONDONDERRY TERRACE,PASADENA,CA,91125,Street Address,Definite Owner,11-15 yrs,3,False,False,False,False,0,"[{'firstName': 'YAJEE', 'middleName': 'J', 'lastName': 'HUARD', 'dateOfBirth': '07/04/1985', 'age': 35, 'gender': 'Female', 'maritalStatus': 'Single', 'memberCode': 'Other Household Members', 'verificationDate': '05/15/2018'}, {'firstName': 'LORALIE', 'middleName': 'U', 'lastName': 'HUARD', 'dateOfBirth': None, 'age': None, 'gender': 'Female', 'maritalStatus': 'Single', 'memberCode': 'Other Household Members', 'verificationDate': '12/15/2018'}, {'firstName': 'MOHAMMED', 'middleName': 'M', 'lastName': 'HUARD', 'dateOfBirth': '09/01/1937', 'age': 82, 'gender': 'Male', 'maritalStatus': 'Married', 'memberCode': 'Primary Household Member', 'verificationDate': '11/15/2017'}, {'firstName': 'TERESSA', 'middleName': 'S', 'lastName': 'HUARD', 'dateOfBirth': '02/01/1977', 'age': 43, 'gender': 'Female', 'maritalStatus': 'Married', 'memberCode': 'Other Household Members', 'verificationDate': '12/15/2018'}, {'firstName': 'JUNE', 'middleName': 'M', 'lastName': 'HUARD', 'dateOfBirth': '09/07/1967', 'age': 52, 'gender': 'Female', 'maritalStatus': 'Single', 'memberCode': 'Other Household Members', 'verificationDate': '02/15/2018'}]","[{'confidence': 20, 'description': '2008 HONDA ACCORD', 'year': '2008', 'make': 'HONDA', 'model': 'ACCORD', 'type': 'Sedan', 'fuelType': 'Gas', 'mileage': None, 'marketValue': None}, {'confidence': 0, 'description': '2001 CHRYSLER VOYAGER', 'year': '2001', 'make': 'CHRYSLER', 'model': 'VOYAGER', 'type': 'Van', 'fuelType': 'Gas', 'mileage': '80,001 - 90,000', 'marketValue': None}]",[],, Huard,Yajee, 07/04/1985, Pasadena, CA, 86 Londonderry Terrace,91125,[],False
12,bf43fc63-d7d5-41af-bbfa-730d7f07d0aa,heimdal_test_AutoPrefill_service-000012,Success,Artificial match,Male,Married,Primary Household Member,86 LONDONDERRY TERRACE,PASADENA,CA,91125,Street Address,Definite Owner,11-15 yrs,3,False,False,False,False,0,"[{'firstName': 'MOHAMMED', 'middleName': 'M', 'lastName': 'HUARD', 'dateOfBirth': '09/01/1937', 'age': 83, 'gender': 'Male', 'maritalStatus': 'Married', 'memberCode': 'Primary Household Member', 'verificationDate': '11/15/2017'}, {'firstName': 'LORALIE', 'middleName': 'U', 'lastName': 'HUARD', 'dateOfBirth': None, 'age': None, 'gender': 'Female', 'maritalStatus': 'Single', 'memberCode': 'Other Household Members', 'verificationDate': '12/15/2018'}, {'firstName': 'YAJEE', 'middleName': 'J', 'lastName': 'HUARD', 'dateOfBirth': None, 'age': None, 'gender': 'Female', 'maritalStatus': 'Single', 'memberCode': 'Other Household Members', 'verificationDate': '05/15/2018'}, {'firstName': 'TERESSA', 'middleName': 'S', 'lastName': 'HUARD', 'dateOfBirth': '02/01/1977', 'age': 43, 'gender': 'Female', 'maritalStatus': 'Married', 'memberCode': 'Other Household Members', 'verificationDate': '12/15/2018'}, {'firstName': 'JUNE', 'middleName': 'M', 'lastName': 'HUARD', 'dateOfBirth': '09/07/1967', 'age': 52, 'gender': 'Female', 'maritalStatus': 'Single', 'memberCode': 'Other Household Members', 'verificationDate': '02/15/2018'}]","[{'confidence': 20, 'description': '2008 HONDA ACCORD', 'year': '2008', 'make': 'HONDA', 'model': 'ACCORD', 'type': 'Sedan', 'fuelType': 'Gas', 'mileage': None, 'marketValue': None}, {'confidence': 0, 'description': '2001 CHRYSLER VOYAGER', 'year': '2001', 'make': 'CHRYSLER', 'model': 'VOYAGER', 'type': 'Van', 'fuelType': 'Gas', 'mileage': '80,001 - 90,000', 'marketValue': None}]",[],, Huard,Mohammed, 09/01/1937, Pasadena, CA, 86 Londonderry Terrace,91125,[],False
13,3778274c-1437-4085-b98a-f67f4f3fc3f7,heimdal_test_AutoPrefill_service-000013,Success,Artificial match,Female,Married,Other Household Members,86 LONDONDERRY TERRACE,PASADENA,CA,91125,Street Address,Definite Owner,11-15 yrs,3,False,False,False,False,0,"[{'firstName': 'TERESSA', 'middleName': 'S', 'lastName': 'HUARD', 'dateOfBirth': '02/01/1977', 'age': 44, 'gender': 'Female', 'maritalStatus': 'Married', 'memberCode': 'Other Household Members', 'verificationDate': '12/15/2018'}, {'firstName': 'LORALIE', 'middleName': 'U', 'lastName': 'HUARD', 'dateOfBirth': None, 'age': None, 'gender': 'Female', 'maritalStatus': 'Single', 'memberCode': 'Other Household Members', 'verificationDate': '12/15/2018'}, {'firstName': 'YAJEE', 'middleName': 'J', 'lastName': 'HUARD', 'dateOfBirth': None, 'age': None, 'gender': 'Female', 'maritalStatus': 'Single', 'memberCode': 'Other Household Members', 'verificationDate': '05/15/2018'}, {'firstName': 'MOHAMMED', 'middleName': 'M', 'lastName': 'HUARD', 'dateOfBirth': '09/01/1937', 'age': 82, 'gender': 'Male', 'maritalStatus': 'Married', 'memberCode': 'Primary Household Member', 'verificationDate': '11/15/2017'}, {'firstName': 'JUNE', 'middleName': 'M', 'lastName': 'HUARD', 'dateOfBirth': '09/07/1967', 'age': 52, 'gender': 'Female', 'maritalStatus': 'Single', 'memberCode': 'Other Household Members', 'verificationDate': '02/15/2018'}]","[{'confidence': 20, 'description': '2008 HONDA ACCORD', 'year': '2008', 'make': 'HONDA', 'model': 'ACCORD', 'type': 'Sedan', 'fuelType': 'Gas', 'mileage': None, 'marketValue': None}, {'confidence': 0, 'description': '2001 CHRYSLER VOYAGER', 'year': '2001', 'make': 'CHRYSLER', 'model': 'VOYAGER', 'type': 'Van', 'fuelType': 'Gas', 'mileage': '80,001 - 90,000', 'marketValue': None}]",[],, Huard,Teressa, 02/01/1977, Pasadena, CA, 86 Londonderry Terrace,91125,[],False
14,88643594-6201-41e4-98ed-b4e386f520f7,heimdal_test_AutoPrefill_service-000014,Success,Artificial match,Female,Single,Other Household Members,86 LONDONDERRY TERRACE,PASADENA,CA,91125,Street Address,Definite Owner,11-15 yrs,3,False,False,False,False,0,"[{'firstName': 'JUNE', 'middleName': 'M', 'lastName': 'HUARD', 'dateOfBirth': '09/07/1967', 'age': 53, 'gender': 'Female', 'maritalStatus': 'Single', 'memberCode': 'Other Household Members', 'verificationDate': '02/15/2018'}, {'firstName': 'LORALIE', 'middleName': 'U', 'lastName': 'HUARD', 'dateOfBirth': None, 'age': None, 'gender': 'Female', 'maritalStatus': 'Single', 'memberCode': 'Other Household Members', 'verificationDate': '12/15/2018'}, {'firstName': 'YAJEE', 'middleName': 'J', 'lastName': 'HUARD', 'dateOfBirth': None, 'age': None, 'gender': 'Female', 'maritalStatus': 'Single', 'memberCode': 'Other Household Members', 'verificationDate': '05/15/2018'}, {'firstName': 'MOHAMMED', 'middleName': 'M', 'lastName': 'HUARD', 'dateOfBirth': '09/01/1937', 'age': 82, 'gender': 'Male', 'maritalStatus': 'Married', 'memberCode': 'Primary Household Member', 'verificationDate': '11/15/2017'}, {'firstName': 'TERESSA', 'middleName': 'S', 'lastName': 'HUARD', 'dateOfBirth': '02/01/1977', 'age': 43, 'gender': 'Female', 'maritalStatus': 'Married', 'memberCode': 'Other Household Members', 'verificationDate': '12/15/2018'}]","[{'confidence': 20, 'description': '2008 HONDA ACCORD', 'year': '2008', 'make': 'HONDA', 'model': 'ACCORD', 'type': 'Sedan', 'fuelType': 'Gas', 'mileage': None, 'marketValue': None}, {'confidence': 0, 'description': '2001 CHRYSLER VOYAGER', 'year': '2001', 'make': 'CHRYSLER', 'model': 'VOYAGER', 'type': 'Van', 'fuelType': 'Gas', 'mileage': '80,001 - 90,000', 'marketValue': None}]",[],, Huard,June, 09/07/1967, Pasadena, CA, 86 Londonderry Terrace,91125,[],False
15,2dc009a0-6665-42f6-8f9c-f8b426029ddd,heimdal_test_AutoPrefill_service-000015,Success,Artificial match,Male,Single,Primary Household Member,6263 CHARING CROSS CT,FORT WORTH,TX,76147,Street Address,Probable Owner,11-15 yrs,1,False,False,False,False,0,"[{'firstName': 'BARTON', 'middleName': 'L', 'lastName': 'CRUMBIE', 'dateOfBirth': '06/01/1975', 'age': 46, 'gender': 'Male', 'maritalStatus': 'Single', 'memberCode': 'Primary Household Member', 'verificationDate': '09/15/2016'}]",[],[],, Crumbie,Barton, 06/01/1975, Fort Worth, TX, 6263 Charing Cross Ct,76147,[],False
16,11b8b330-1e7a-4591-a798-9c3b9436204a,heimdal_test_AutoPrefill_service-000016,Success,Artificial match,Female,Single,Primary Household Member,956 OAKRIDGE CIRCLE,PITTSBURGH,PA,15235,Street Address,Definite Owner,3-5 yrs,2,False,False,False,True,0,"[{'firstName': 'MAUDIE', 'middleName': 'R', 'lastName': 'PAPAMINAS', 'dateOfBirth': '11/26/1981', 'age': 39, 'gender': 'Female', 'maritalStatus': 'Single', 'memberCode': 'Primary Household Member', 'verificationDate': '01/15/2020'}]",[],[],, Papaminas,Maudie, 11/26/1981, Pittsburgh, PA, 956 Oakridge Circle,15235,[],False
17,b651fc20-7630-4d18-a59d-db16437ef2a7,heimdal_test_AutoPrefill_service-000017,Success,Artificial match,Female,Single,Primary Household Member,98301 FARMCO DRIVE,MIAMI,FL,33124,Street Address,Probable Owner,3-5 yrs,1,False,False,False,True,1,"[{'firstName': 'JULIANN', 'middleName': None, 'lastName': 'OULNER', 'dateOfBirth': '02/21/1990', 'age': 31, 'gender': 'Female', 'maritalStatus': 'Single', 'memberCode': 'Primary Household Member', 'verificationDate': '11/15/2018'}]","[{'confidence': 70, 'description': '2008 NISSAN ALTIMA', 'year': '2008', 'make': 'NISSAN', 'model': 'ALTIMA', 'type': 'Sedan', 'fuelType': 'Gas', 'mileage': '40,001 - 50,000', 'marketValue': None}]",[],, Oulner,Juliann, 02/21/1990, Miami, FL, 98301 Farmco Drive,33124,[],False
18,ce6b22f6-2902-47b1-ab1c-6352055d9401,heimdal_test_AutoPrefill_service-000018,Success,Artificial match,,Single,Primary Household Member,9 BARTELT PKWY,DENVER,CO,80279,Street Address,Probable Renter,3-5 yrs,1,False,False,False,True,1,"[{'firstName': 'GUY', 'middleName': 'I', 'lastName': 'KLEINERT', 'dateOfBirth': '06/01/1985', 'age': 36, 'gender': None, 'maritalStatus': 'Single', 'memberCode': 'Primary Household Member', 'verificationDate': '11/15/2018'}]","[{'confidence': 80, 'description': '2013 FORD ESCAPE', 'year': '2013', 'make': 'FORD', 'model': 'ESCAPE', 'type': 'Utility', 'fuelType': 'Gas', 'mileage': None, 'marketValue': None}]",[],, Kleinert,Guy, 06/01/1985, Denver, CO, 9 Bartelt Parkway,80279,[],False
19,076dcf6a-eeaa-4d90-bab8-d279508619cd,heimdal_test_AutoPrefill_service-000019,Success,Artificial match,Female,Married,Primary Household Member,PO BOX 72059,PORT WASHINGTON,NY,11054,PO Box,Definite Renter,6-10 yrs,2,False,False,False,True,0,"[{'firstName': 'TINA', 'middleName': 'B', 'lastName': 'CHANTRELL', 'dateOfBirth': '10/01/1985', 'age': 35, 'gender': 'Female', 'maritalStatus': 'Married', 'memberCode': 'Primary Household Member', 'verificationDate': '09/15/2019'}, {'firstName': 'AUGUSTINE', 'middleName': 'W', 'lastName': 'CHANTRELL', 'dateOfBirth': '04/02/1984', 'age': 36, 'gender': 'Male', 'maritalStatus': 'Married', 'memberCode': 'Other Household Members', 'verificationDate': '09/15/2019'}]",[],[],, Chantrell,Tina, 10/01/1985, Port Washington, NY, PO BOX 72059,11054,[],False
20,c4c40ea2-dba2-487c-b402-f2a3d3f23359,heimdal_test_AutoPrefill_service-000020,Success,Artificial match,Male,Married,Other Household Members,PO BOX 72059,PORT WASHINGTON,NY,11054,PO Box,Definite Renter,6-10 yrs,2,False,False,False,True,0,"[{'firstName': 'AUGUSTINE', 'middleName': 'W', 'lastName': 'CHANTRELL', 'dateOfBirth': '04/02/1984', 'age': 37, 'gender': 'Male', 'maritalStatus': 'Married', 'memberCode': 'Other Household Members', 'verificationDate': '09/15/2019'}, {'firstName': 'TINA', 'middleName': 'B', 'lastName': 'CHANTRELL', 'dateOfBirth': '10/01/1985', 'age': 34, 'gender': 'Female', 'maritalStatus': 'Married', 'memberCode': 'Primary Household Member', 'verificationDate': '09/15/2019'}]",[],[],, Chantrell,Augustine, 04/02/1984, Port Washington, NY, PO BOX 72059,11054,[],False
21,561a972d-7812-40d0-bf94-a5ce9ea0b30f,heimdal_test_AutoPrefill_service-000021,Success,Artificial match,Male,Married,Primary Household Member,0722 WAUBESA TRL,ROCHESTER,NY,14624,Street Address,Definite Owner,20+ yrs,2,False,True,False,False,0,"[{'firstName': 'EDWARD', 'middleName': 'I', 'lastName': 'THOMKE', 'dateOfBirth': '06/04/1960', 'age': 61, 'gender': 'Male', 'maritalStatus': 'Married', 'memberCode': 'Primary Household Member', 'verificationDate': '06/15/2019'}, {'firstName': 'ELNA', 'middleName': 'T', 'lastName': 'THOMKE', 'dateOfBirth': '12/09/1962', 'age': 57, 'gender': 'Female', 'maritalStatus': 'Married', 'memberCode': 'Other Household Members', 'verificationDate': '03/15/2020'}]","[{'confidence': 40, 'description': '2009 CHEVROLET SUBURBAN', 'year': '2009', 'make': 'CHEVROLET', 'model': 'SUBURBAN', 'type': 'Utility', 'fuelType': 'Flexible Fuel', 'mileage': '20,001 - 30,000', 'marketValue': None}]",[],, Thomke,Edward, 06/04/1960, Rochester, NY, 0722 Waubesa Trl,14624,[],False
22,2c7f7723-c336-4c5c-8fef-b69e4ba2186e,heimdal_test_AutoPrefill_service-000022,Success,Artificial match,Female,Married,Other Household Members,0722 WAUBESA TRL,ROCHESTER,NY,14624,Street Address,Definite Owner,20+ yrs,2,False,True,False,False,0,"[{'firstName': 'EDWARD', 'middleName': 'I', 'lastName': 'THOMKE', 'dateOfBirth': '12/09/1962', 'age': 58, 'gender': 'Male', 'maritalStatus': 'Married', 'memberCode': 'Primary Household Member', 'verificationDate': '06/15/2019'}, {'firstName': 'ELNA', 'middleName': 'T', 'lastName': 'THOMKE', 'dateOfBirth': '12/09/1962', 'age': 57, 'gender': 'Female', 'maritalStatus': 'Married', 'memberCode': 'Other Household Members', 'verificationDate': '03/15/2020'}]","[{'confidence': 40, 'description': '2009 CHEVROLET SUBURBAN', 'year': '2009', 'make': 'CHEVROLET', 'model': 'SUBURBAN', 'type': 'Utility', 'fuelType': 'Flexible Fuel', 'mileage': '20,001 - 30,000', 'marketValue': None}]",[],, Thomke,Elna, 12/09/1962, Rochester, NY, 0722 Waubesa Trail,14624,[],False
23,951ecc6f-3d08-4ef2-a0e2-383d170513c3,heimdal_test_AutoPrefill_service-000023,Success,Artificial match,Male,Married,Primary Household Member,77 CHINOOK PT,VIRGINIA BEACH,VA,23454,Street Address,Definite Owner,0-6 mos.,1,False,False,True,True,1,"[{'firstName': 'RED', 'middleName': 'A', 'lastName': 'RENACHOWSKI', 'dateOfBirth': '09/09/1976', 'age': 44, 'gender': 'Male', 'maritalStatus': 'Married', 'memberCode': 'Primary Household Member', 'verificationDate': '12/15/2019'}, {'firstName': 'RUBI', 'middleName': 'L', 'lastName': 'RENACHOWSKI', 'dateOfBirth': '02/07/1986', 'age': 34, 'gender': 'Female', 'maritalStatus': 'Married', 'memberCode': 'Other Household Members', 'verificationDate': '02/15/2020'}]","[{'confidence': 60, 'description': '2016 TESLA MODEL S', 'year': '2016', 'make': 'TESLA', 'model': 'MODEL S', 'type': 'Sedan', 'fuelType': 'Electric', 'mileage': '0 - 10,000', 'marketValue': None}]",[],, Renachowski,Red, 09/09/1976, Virginia Beach, VA, 77 Chinook Pt,23454,[],False
24,55664534-bf06-4408-979c-814d3af850b6,heimdal_test_AutoPrefill_service-000024,Success,Artificial match,Female,Married,Other Household Members,77 CHINOOK PT,VIRGINIA BEACH,VA,23454,Street Address,Definite Owner,0-6 mos.,1,False,False,True,True,1,"[{'firstName': 'RUBI', 'middleName': 'L', 'lastName': 'RENACHOWSKI', 'dateOfBirth': '02/07/1986', 'age': 35, 'gender': 'Female', 'maritalStatus': 'Married', 'memberCode': 'Other Household Members', 'verificationDate': '02/15/2020'}, {'firstName': 'RED', 'middleName': 'A', 'lastName': 'RENACHOWSKI', 'dateOfBirth': '09/09/1976', 'age': 43, 'gender': 'Male', 'maritalStatus': 'Married', 'memberCode': 'Primary Household Member', 'verificationDate': '12/15/2019'}]","[{'confidence': 60, 'description': '2016 TESLA MODEL S', 'year': '2016', 'make': 'TESLA', 'model': 'MODEL S', 'type': 'Sedan', 'fuelType': 'Electric', 'mileage': '0 - 10,000', 'marketValue': None}]",[],, Renachowski,Rubi, 02/07/1986, Virginia Beach, VA, 77 Chinook Pt,23454,[],False
25,ea87d6d4-9779-4ba2-9807-16fac8e82ac2,heimdal_test_AutoPrefill_service-000025,Success,Artificial match,Male,Married,Other Household Members,380 MORROW TER,LONGMONT,CO,80503,Street Address,Definite Owner,20+ yrs,2,False,True,False,True,0,"[{'firstName': 'ROBERT', 'middleName': 'T', 'lastName': 'SMITH', 'dateOfBirth': '07/03/1963', 'age': 57, 'gender': 'Male', 'maritalStatus': 'Married', 'memberCode': 'Other Household Members', 'verificationDate': '02/15/2020'}, {'firstName': 'ROBERT', 'middleName': 'H', 'lastName': 'SMITH', 'dateOfBirth': None, 'age': None, 'gender': 'Male', 'maritalStatus': 'Single', 'memberCode': 'Primary Household Member', 'verificationDate': '03/15/2020'}]","[{'confidence': 50, 'description': '2009 FORD ESCAPE', 'year': '2009', 'make': 'FORD', 'model': 'ESCAPE', 'type': 'Utility', 'fuelType': 'Gas', 'mileage': '0 - 10,000', 'marketValue': None}]",[],, Smith,Robert, 07/03/1963, Longmont, CO, 380 Morrow Terrace,80503,[],False
26,656e2f06-4759-4f1e-8584-228b19ff57b6,heimdal_test_AutoPrefill_service-000026,Success,Artificial match,Female,Married,Primary Household Member,1295 BETTY LANE,AUSTIN,TX,73301,Street Address,Definite Owner,11-15 yrs,2,False,False,False,False,2,"[{'firstName': 'CHRIS', 'middleName': None, 'lastName': 'AUTTERSON', 'dateOfBirth': '09/09/1960', 'age': 60, 'gender': 'Female', 'maritalStatus': 'Married', 'memberCode': 'Primary Household Member', 'verificationDate': '03/15/2020'}, {'firstName': 'SHERI', 'middleName': None, 'lastName': 'AUTTERSON', 'dateOfBirth': '08/24/1968', 'age': 51, 'gender': 'Female', 'maritalStatus': 'Single', 'memberCode': 'Other Household Members', 'verificationDate': '02/15/2019'}, {'firstName': 'TYRONE', 'middleName': 'K', 'lastName': 'WESTGARTH', 'dateOfBirth': '04/10/1993', 'age': 27, 'gender': 'Male', 'maritalStatus': 'Single', 'memberCode': 'Primary Household Member', 'verificationDate': '01/15/2020'}, {'firstName': 'CARISSA', 'middleName': 'E', 'lastName': 'SHARMA', 'dateOfBirth': '04/23/1983', 'age': 37, 'gender': 'Female', 'maritalStatus': 'Single', 'memberCode': 'Primary Household Member', 'verificationDate': '02/15/2020'}]","[{'confidence': 80, 'description': '2012 NISSAN QUEST', 'year': '2012', 'make': 'NISSAN', 'model': 'QUEST', 'type': 'Van', 'fuelType': 'Gas', 'mileage': '0 - 10,000', 'marketValue': None}, {'confidence': 60, 'description': '2011 TOYOTA CAMRY', 'year': '2011', 'make': 'TOYOTA', 'model': 'CAMRY', 'type': 'Sedan', 'fuelType': 'Gas', 'mileage': '0 - 10,000', 'marketValue': None}, {'confidence': 0, 'description': '2006 NISSAN ALTIMA', 'year': '2006', 'make': 'NISSAN', 'model': 'ALTIMA', 'type': 'Sedan', 'fuelType': 'Gas', 'mileage': None, 'marketValue': None}]",[],, Autterson,Chris, 09/09/1960, Austin, TX, 1295 Betty Lane,73301,[],False
27,5a09119b-fbc9-41bc-994e-0002ac50a843,heimdal_test_AutoPrefill_service-000027,Success,Artificial match,Female,Single,Other Household Members,1295 BETTY LANE,AUSTIN,TX,73301,Street Address,Definite Owner,11-15 yrs,2,False,False,False,False,2,"[{'firstName': 'SHERI', 'middleName': None, 'lastName': 'AUTTERSON', 'dateOfBirth': '08/24/1968', 'age': 52, 'gender': 'Female', 'maritalStatus': 'Single', 'memberCode': 'Other Household Members', 'verificationDate': '02/15/2019'}, {'firstName': 'CHRIS', 'middleName': None, 'lastName': 'AUTTERSON', 'dateOfBirth': '09/09/1960', 'age': 59, 'gender': 'Female', 'maritalStatus': 'Married', 'memberCode': 'Primary Household Member', 'verificationDate': '03/15/2020'}, {'firstName': 'TYRONE', 'middleName': 'K', 'lastName': 'WESTGARTH', 'dateOfBirth': '04/10/1993', 'age': 27, 'gender': 'Male', 'maritalStatus': 'Single', 'memberCode': 'Primary Household Member', 'verificationDate': '01/15/2020'}, {'firstName': 'CARISSA', 'middleName': 'E', 'lastName': 'SHARMA', 'dateOfBirth': '04/23/1983', 'age': 37, 'gender': 'Female', 'maritalStatus': 'Single', 'memberCode': 'Primary Household Member', 'verificationDate': '02/15/2020'}]","[{'confidence': 80, 'description': '2012 NISSAN QUEST', 'year': '2012', 'make': 'NISSAN', 'model': 'QUEST', 'type': 'Van', 'fuelType': 'Gas', 'mileage': '0 - 10,000', 'marketValue': None}, {'confidence': 60, 'description': '2011 TOYOTA CAMRY', 'year': '2011', 'make': 'TOYOTA', 'model': 'CAMRY', 'type': 'Sedan', 'fuelType': 'Gas', 'mileage': '0 - 10,000', 'marketValue': None}, {'confidence': 0, 'description': '2006 NISSAN ALTIMA', 'year': '2006', 'make': 'NISSAN', 'model': 'ALTIMA', 'type': 'Sedan', 'fuelType': 'Gas', 'mileage': None, 'marketValue': None}]",[],, Autterson,Sheri, 08/24/1968, Austin, TX, 1295 Betty Lane,73301,[],False
28,41da352d-404c-4c77-b45b-701535ac8dfa,heimdal_test_AutoPrefill_service-000028,Success,Artificial match,Male,Single,Primary Household Member,1295 BETTY LANE,AUSTIN,TX,73301,Street Address,Definite Owner,16-20 yrs,1,False,False,False,False,1,"[{'firstName': 'TYRONE', 'middleName': 'K', 'lastName': 'WESTGARTH', 'dateOfBirth': '04/10/1993', 'age': 28, 'gender': 'Male', 'maritalStatus': 'Single', 'memberCode': 'Primary Household Member', 'verificationDate': '01/15/2020'}, {'firstName': 'CHRIS', 'middleName': None, 'lastName': 'AUTTERSON', 'dateOfBirth': '09/09/1960', 'age': 59, 'gender': 'Female', 'maritalStatus': 'Married', 'memberCode': 'Primary Household Member', 'verificationDate': '03/15/2020'}, {'firstName': 'SHERI', 'middleName': None, 'lastName': 'AUTTERSON', 'dateOfBirth': '08/24/1968', 'age': 51, 'gender': 'Female', 'maritalStatus': 'Single', 'memberCode': 'Other Household Members', 'verificationDate': '02/15/2019'}, {'firstName': 'CARISSA', 'middleName': 'E', 'lastName': 'SHARMA', 'dateOfBirth': '04/23/1983', 'age': 37, 'gender': 'Female', 'maritalStatus': 'Single', 'memberCode': 'Primary Household Member', 'verificationDate': '02/15/2020'}]","[{'confidence': 80, 'description': '2008 DODGE RAM PICKUP 1500', 'year': '2008', 'make': 'DODGE', 'model': 'RAM PICKUP 1500', 'type': 'Pickup', 'fuelType': 'Gas', 'mileage': '0 - 10,000', 'marketValue': None}]",[],, Westgarth,Tyrone, 04/10/1993, Austin, TX, 1295 Betty Lane,73301,[],False
29,25d7d03f-3691-45d1-a1c3-c8eefc4fc124,heimdal_test_AutoPrefill_service-000029,Success,Artificial match,Female,Single,Primary Household Member,1295 BETTY LANE,AUSTIN,TX,73301,Street Address,Probable Owner,6-10 yrs,1,False,False,False,False,0,"[{'firstName': 'CARISSA', 'middleName': 'E', 'lastName': 'SHARMA', 'dateOfBirth': '04/23/1983', 'age': 38, 'gender': 'Female', 'maritalStatus': 'Single', 'memberCode': 'Primary Household Member', 'verificationDate': '02/15/2020'}, {'firstName': 'CHRIS', 'middleName': None, 'lastName': 'AUTTERSON', 'dateOfBirth': '09/09/1960', 'age': 59, 'gender': 'Female', 'maritalStatus': 'Married', 'memberCode': 'Primary Household Member', 'verificationDate': '03/15/2020'}, {'firstName': 'SHERI', 'middleName': None, 'lastName': 'AUTTERSON', 'dateOfBirth': '08/24/1968', 'age': 51, 'gender': 'Female', 'maritalStatus': 'Single', 'memberCode': 'Other Household Members', 'verificationDate': '02/15/2019'}, {'firstName': 'TYRONE', 'middleName': 'K', 'lastName': 'WESTGARTH', 'dateOfBirth': '04/10/1993', 'age': 27, 'gender': 'Male', 'maritalStatus': 'Single', 'memberCode': 'Primary Household Member', 'verificationDate': '01/15/2020'}]",[],[],, Sharma,Carissa, 04/23/1983, Austin, TX, 1295 Betty Lane,73301,[],False
30,239b077f-cd5f-4da3-bbf0-fd029c97de79,heimdal_test_AutoPrefill_service-000030,Success,Artificial match,Male,Single,Primary Household Member,55 MAIN ST,DALLAS,TX,75204,Street Address,Definite Owner,11-15 yrs,1,False,False,False,False,3,"[{'firstName': 'JEFFERSON', 'middleName': 'S', 'lastName': 'SMITH', 'dateOfBirth': '07/25/1975', 'age': 45, 'gender': 'Male', 'maritalStatus': 'Single', 'memberCode': 'Primary Household Member', 'verificationDate': '03/15/2020'}, {'firstName': 'JENET', 'middleName': 'K', 'lastName': 'KENNEDY', 'dateOfBirth': '06/25/1975', 'age': 45, 'gender': 'Female', 'maritalStatus': 'Single', 'memberCode': 'Primary Household Member', 'verificationDate': '01/15/2020'}]","[{'confidence': 90, 'description': '1992 CHEVROLET CAPRICE', 'year': '1992', 'make': 'CHEVROLET', 'model': 'CAPRICE', 'type': 'Unknown', 'fuelType': None, 'mileage': None, 'marketValue': None}, {'confidence': 80, 'description': '2016 CHEVROLET SILVERADO 2500HD', 'year': '2016', 'make': 'CHEVROLET', 'model': 'SILVERADO 2500HD', 'type': 'Pickup', 'fuelType': 'Diesel', 'mileage': None, 'marketValue': None}, {'confidence': 70, 'description': '2005 CHEVROLET TRAILBLAZER', 'year': '2005', 'make': 'CHEVROLET', 'model': 'TRAILBLAZER', 'type': 'Utility', 'fuelType': 'Gas', 'mileage': None, 'marketValue': None}, {'confidence': 10, 'description': '1991 MERCURY TRACER', 'year': '1991', 'make': 'MERCURY', 'model': 'TRACER', 'type': 'Sedan', 'fuelType': 'Gas', 'mileage': None, 'marketValue': None}, {'confidence': 10, 'description': '1989 CHEVROLET CAMARO', 'year': '1989', 'make': 'CHEVROLET', 'model': 'CAMARO', 'type': 'Hatchback', 'fuelType': 'Gas', 'mileage': None, 'marketValue': None}]",[],, Smith,Jefferson, 07/25/1975, Dallas, TX, 55 Main St,75204,[],False
31,70ba22f9-b122-4f02-b00a-4f5d2f1d6f17,heimdal_test_AutoPrefill_service-000031,Success,Artificial match,Female,Single,Primary Household Member,55 MAIN ST,DALLAS,TX,75204,Street Address,Probable Owner,6-10 yrs,1,False,False,False,False,1,"[{'firstName': 'JENET', 'middleName': 'K', 'lastName': 'KENNEDY', 'dateOfBirth': '06/25/1975', 'age': 45, 'gender': 'Female', 'maritalStatus': 'Single', 'memberCode': 'Primary Household Member', 'verificationDate': '01/15/2020'}, {'firstName': 'JEFFERSON', 'middleName': 'S', 'lastName': 'SMITH', 'dateOfBirth': '07/25/1975', 'age': 45, 'gender': 'Male', 'maritalStatus': 'Single', 'memberCode': 'Primary Household Member', 'verificationDate': '03/15/2020'}]","[{'confidence': 80, 'description': '2011 FORD ESCAPE', 'year': '2011', 'make': 'FORD', 'model': 'ESCAPE', 'type': 'Utility', 'fuelType': 'Flexible Fuel', 'mileage': None, 'marketValue': None}]",[],, Kennedy,Jenet, 06/25/1975, Dallas, TX, 55 Main St,75204,[],False
32,019b06fd-821f-4c88-b05d-f51a0b20ab62,heimdal_test_AutoPrefill_service-000032,Success,Artificial match,Female,Married,Other Household Members,6730 COTTONWOOD PT,HENDERSON,NV,89012,Street Address,Definite Owner,20+ yrs,1,False,True,True,False,1,"[{'firstName': 'CARLITA', 'middleName': 'L', 'lastName': 'HOVENDEN', 'dateOfBirth': '02/02/1954', 'age': 67, 'gender': 'Female', 'maritalStatus': 'Married', 'memberCode': 'Other Household Members', 'verificationDate': '02/15/2020'}, {'firstName': 'GUALTERIO', 'middleName': 'J', 'lastName': 'HOVENDEN', 'dateOfBirth': '05/07/1955', 'age': 65, 'gender': 'Male', 'maritalStatus': 'Married', 'memberCode': 'Primary Household Member', 'verificationDate': '02/15/2020'}]","[{'confidence': 80, 'description': '2009 HONDA ELEMENT', 'year': '2009', 'make': 'HONDA', 'model': 'ELEMENT', 'type': 'Utility', 'fuelType': 'Gas', 'mileage': None, 'marketValue': None}, {'confidence': 50, 'description': '2004 HONDA ELEMENT', 'year': '2004', 'make': 'HONDA', 'model': 'ELEMENT', 'type': 'Utility', 'fuelType': 'Gas', 'mileage': None, 'marketValue': None}, {'confidence': 10, 'description': '1989 FORD THUNDERBIRD', 'year': '1989', 'make': 'FORD', 'model': 'THUNDERBIRD', 'type': 'Coupe 2 Door', 'fuelType': 'Gas', 'mileage': None, 'marketValue': None}, {'confidence': 0, 'description': '1986 NISSAN TRUCK', 'year': '1986', 'make': 'NISSAN', 'model': 'TRUCK', 'type': 'Pickup', 'fuelType': 'Gas', 'mileage': None, 'marketValue': None}]",[],, Hovenden,Carlita, 02/02/1954, Henderson, NV, 6730 Cottonwood Pt,89012,[],False
33,2ea66052-8d79-401c-9ca4-1b35995ad837,heimdal_test_AutoPrefill_service-000033,Success,Artificial match,Male,Married,Primary Household Member,6730 COTTONWOOD PT,HENDERSON,NV,89012,Street Address,Definite Owner,20+ yrs,1,False,True,True,False,1,"[{'firstName': 'GUALTERIO', 'middleName': 'J', 'lastName': 'HOVENDEN', 'dateOfBirth': '05/07/1952', 'age': 69, 'gender': 'Male', 'maritalStatus': 'Married', 'memberCode': 'Primary Household Member', 'verificationDate': '02/15/2020'}, {'firstName': 'CARLITA', 'middleName': 'L', 'lastName': 'HOVENDEN', 'dateOfBirth': '03/01/1953', 'age': 67, 'gender': 'Female', 'maritalStatus': 'Married', 'memberCode': 'Other Household Members', 'verificationDate': '02/15/2020'}]","[{'confidence': 80, 'description': '2009 HONDA ELEMENT', 'year': '2009', 'make': 'HONDA', 'model': 'ELEMENT', 'type': 'Utility', 'fuelType': 'Gas', 'mileage': None, 'marketValue': None}, {'confidence': 50, 'description': '2004 HONDA ELEMENT', 'year': '2004', 'make': 'HONDA', 'model': 'ELEMENT', 'type': 'Utility', 'fuelType': 'Gas', 'mileage': None, 'marketValue': None}, {'confidence': 10, 'description': '1989 FORD THUNDERBIRD', 'year': '1989', 'make': 'FORD', 'model': 'THUNDERBIRD', 'type': 'Coupe 2 Door', 'fuelType': 'Gas', 'mileage': None, 'marketValue': None}, {'confidence': 0, 'description': '1986 NISSAN TRUCK', 'year': '1986', 'make': 'NISSAN', 'model': 'TRUCK', 'type': 'Pickup', 'fuelType': 'Gas', 'mileage': None, 'marketValue': None}]",[],, Hovenden,Gualterio, 05/07/1952, Henderson, NV, 6730 Cottonwood Pt,89012,[],False
34,3afea923-86c8-4a92-a790-995f3363de90,heimdal_test_AutoPrefill_service-000034,Success,Artificial match,Female,Single,Primary Household Member,54687 RIEDER CIR,AMARILLO,TX,79171,Street Address,Definite Owner,3-5 yrs,1,False,False,False,False,2,"[{'firstName': 'CHANDA', 'middleName': 'L', 'lastName': 'WRATE', 'dateOfBirth': '04/21/1966', 'age': 55, 'gender': 'Female', 'maritalStatus': 'Single', 'memberCode': 'Primary Household Member', 'verificationDate': '04/15/2020'}]","[{'confidence': 80, 'description': '2016 FORD ESCAPE', 'year': '2016', 'make': 'FORD', 'model': 'ESCAPE', 'type': 'Utility', 'fuelType': 'Gas', 'mileage': '0 - 10,000', 'marketValue': None}, {'confidence': 60, 'description': '2013 TOYOTA COROLLA', 'year': '2013', 'make': 'TOYOTA', 'model': 'COROLLA', 'type': 'Sedan', 'fuelType': 'Gas', 'mileage': '0 - 10,000', 'marketValue': None}]",[],, Wrate,Chanda, 04/21/1966, Amarillo, TX, 54687 Rieder Cir,79171,[],False
35,4bdfafc0-90da-42dc-8cc6-2276d22786f8,heimdal_test_AutoPrefill_service-000035,Success,Artificial match,Female,Single,Primary Household Member,1 THACKERAY DR,AUSTIN,TX,78769,Street Address,Definite Owner,20+ yrs,1,False,True,False,False,0,"[{'firstName': 'CHERYE', 'middleName': 'D', 'lastName': 'PAAL', 'dateOfBirth': '09/09/1956', 'age': 64, 'gender': 'Female', 'maritalStatus': 'Single', 'memberCode': 'Primary Household Member', 'verificationDate': '04/15/2020'}]","[{'confidence': 30, 'description': '2014 FORD FOCUS', 'year': '2014', 'make': 'FORD', 'model': 'FOCUS', 'type': 'Hatchback', 'fuelType': 'Flexible Fuel', 'mileage': '30,001 - 40,000', 'marketValue': None}, {'confidence': 40, 'description': '2005 PONTIAC SUNFIRE', 'year': '2005', 'make': 'PONTIAC', 'model': 'SUNFIRE', 'type': 'Coupe 2 Door', 'fuelType': 'Gas', 'mileage': '70,001 - 80,000', 'marketValue': None}, {'confidence': 10, 'description': '1990 NISSAN SENTRA', 'year': '1990', 'make': 'NISSAN', 'model': 'SENTRA', 'type': 'Coupe 2 Door', 'fuelType': 'Gas', 'mileage': None, 'marketValue': None}]",[],, Paal,Cherye, 09/09/1956, Austin, TX, 1 Thackeray Dr,78769,[],False
36,79ecb166-27f3-4780-8bf9-280db259a3cc,heimdal_test_AutoPrefill_service-000036,Success,Artificial match,Male,Single,Primary Household Member,8 JUDY PKWY,EL PASO,TX,79989,Street Address,Definite Owner,7-12 mos.,1,False,True,False,False,2,"[{'firstName': 'REUVEN', 'middleName': 'W', 'lastName': 'LARENSON', 'dateOfBirth': '07/04/1962', 'age': 58, 'gender': 'Male', 'maritalStatus': 'Single', 'memberCode': 'Primary Household Member', 'verificationDate': '04/15/2020'}]","[{'confidence': 80, 'description': '2002 FORD F-150', 'year': '2002', 'make': 'FORD', 'model': 'F-150', 'type': 'Pickup', 'fuelType': 'Gas', 'mileage': None, 'marketValue': None}, {'confidence': 10, 'description': '2001 VOLVO C70', 'year': '2001', 'make': 'VOLVO', 'model': 'C70', 'type': 'Convertible', 'fuelType': 'Gas', 'mileage': None, 'marketValue': None}, {'confidence': 20, 'description': '2000 MERCEDES-BENZ G-CLASS', 'year': '2000', 'make': 'MERCEDES-BENZ', 'model': 'G-CLASS', 'type': 'Luxury', 'fuelType': 'Gas', 'mileage': None, 'marketValue': None}, {'confidence': 60, 'description': '1993 CHEVROLET CAMARO', 'year': '1993', 'make': 'CHEVROLET', 'model': 'CAMARO', 'type': 'Hatchback', 'fuelType': 'Gas', 'mileage': '220,001 - 230,000', 'marketValue': None}]",[],, Larenson,Reuven, 07/04/1962, El Paso, TX, 8 Judy Pkwy,79989,[],False
37,592f4c54-de84-4743-9378-d451cd9dff6c,heimdal_test_AutoPrefill_service-000037,Success,Artificial match,Male,Single,Primary Household Member,2187 FARRAGUT AVE,COLUMBUS,OH,43220,Street Address,Definite Owner,7-12 mos.,1,False,True,False,False,2,"[{'firstName': 'REUVEN', 'middleName': 'W', 'lastName': 'LARENSON', 'dateOfBirth': '07/04/1962', 'age': 58, 'gender': 'Male', 'maritalStatus': 'Single', 'memberCode': 'Primary Household Member', 'verificationDate': '04/15/2020'}]","[{'confidence': 80, 'description': '2002 FORD F-150', 'year': '2002', 'make': 'FORD', 'model': 'F-150', 'type': 'Pickup', 'fuelType': 'Gas', 'mileage': None, 'marketValue': None}, {'confidence': 10, 'description': '2001 VOLVO C70', 'year': '2001', 'make': 'VOLVO', 'model': 'C70', 'type': 'Convertible', 'fuelType': 'Gas', 'mileage': None, 'marketValue': None}, {'confidence': 20, 'description': '2000 MERCEDES-BENZ G-CLASS', 'year': '2000', 'make': 'MERCEDES-BENZ', 'model': 'G-CLASS', 'type': 'Luxury', 'fuelType': 'Gas', 'mileage': None, 'marketValue': None}, {'confidence': 60, 'description': '1993 CHEVROLET CAMARO', 'year': '1993', 'make': 'CHEVROLET', 'model': 'CAMARO', 'type': 'Hatchback', 'fuelType': 'Gas', 'mileage': '220,001 - 230,000', 'marketValue': None}]",[],, Larenson,Reuven, 07/04/1962, Columbus, OH, 2187 Farragut Ave,43220,[],False
38,482b1b35-5507-4367-a539-56d5787d8644,heimdal_test_AutoPrefill_service-000038,Success,Artificial match,Male,Single,Primary Household Member,8 TOBAN ALLEY,NAPERVILLE,IL,60567,Street Address,Definite Owner,20+ yrs,1,False,True,False,False,1,"[{'firstName': 'GRADEY', 'middleName': 'E', 'lastName': 'MADDERS', 'dateOfBirth': '06/19/1964', 'age': 56, 'gender': 'Male', 'maritalStatus': 'Single', 'memberCode': 'Primary Household Member', 'verificationDate': '01/15/2020'}]","[{'confidence': 80, 'description': '2011 CADILLAC CTS', 'year': '2011', 'make': 'CADILLAC', 'model': 'CTS', 'type': 'Sedan', 'fuelType': 'Gas', 'mileage': None, 'marketValue': None}, {'confidence': 10, 'description': '2004 CADILLAC CTS', 'year': '2004', 'make': 'CADILLAC', 'model': 'CTS', 'type': 'Sedan', 'fuelType': 'Gas', 'mileage': '20,001 - 30,000', 'marketValue': None}, {'confidence': 10, 'description': '2002 OLDSMOBILE BRAVADA', 'year': '2002', 'make': 'OLDSMOBILE', 'model': 'BRAVADA', 'type': 'Utility', 'fuelType': 'Gas', 'mileage': '110,001 - 120,000', 'marketValue': None}]",[],, Madders,Gradey, 06/19/1964, Naperville, IL, 8 Toban Alley,60567,[],False
39,1678b57d-73c9-4dca-9d35-53ed60c4cafa,heimdal_test_AutoPrefill_service-000039,Success,Artificial match,Male,Single,Primary Household Member,2 BURNING WOOD PT UNIT 104,PALATINE,IL,60078,Street Address,Probable Renter,3-5 yrs,1,False,True,False,False,0,"[{'firstName': 'FOWLER', 'middleName': 'G', 'lastName': 'SCHUBERT', 'dateOfBirth': '10/28/1948', 'age': 72, 'gender': 'Male', 'maritalStatus': 'Single', 'memberCode': 'Primary Household Member', 'verificationDate': '02/15/2020'}]","[{'confidence': 10, 'description': '2003 LINCOLN LS', 'year': '2003', 'make': 'LINCOLN', 'model': 'LS', 'type': 'Sedan', 'fuelType': 'Gas', 'mileage': '100,001 - 110,000', 'marketValue': None}]",[],, Schubert,Fowler, 10/28/1948, Palatine, IL, 2 Burning Wood Pt Unit 104,60078,[],False
40,5bc84aa9-1559-48da-bccf-b4ea50c83728,heimdal_test_AutoPrefill_service-000040,Success,Artificial match,Female,Single,Primary Household Member,1459 MARQUETTE JCT APT B105,PEORIA,IL,61629,Street Address,Probable Renter,3-5 yrs,1,False,False,False,False,1,"[{'firstName': 'HALEIGH', 'middleName': 'L', 'lastName': 'COTESFORD', 'dateOfBirth': '11/23/1930', 'age': 90, 'gender': 'Female', 'maritalStatus': 'Single', 'memberCode': 'Primary Household Member', 'verificationDate': '01/15/2020'}]","[{'confidence': 90, 'description': '2009 HONDA CIVIC', 'year': '2009', 'make': 'HONDA', 'model': 'CIVIC', 'type': 'Unknown', 'fuelType': None, 'mileage': None, 'marketValue': None}, {'confidence': 20, 'description': '2011 HONDA ACCORD', 'year': '2011', 'make': 'HONDA', 'model': 'ACCORD', 'type': 'Sedan', 'fuelType': 'Gas', 'mileage': None, 'marketValue': None}, {'confidence': 40, 'description': '2009 HONDA CIVIC', 'year': '2009', 'make': 'HONDA', 'model': 'CIVIC', 'type': 'Sedan', 'fuelType': 'Gas', 'mileage': '0 - 10,000', 'marketValue': None}, {'confidence': 0, 'description': '2002 TOYOTA CAMRY', 'year': '2002', 'make': 'TOYOTA', 'model': 'CAMRY', 'type': 'Sedan', 'fuelType': 'Gas', 'mileage': None, 'marketValue': None}]",[],, Cotesford,Haleigh, 11/23/1930, Peoria, IL, 1459 Marquette Jct Apt B105,61629,[],False
41,8554befa-15f6-491a-9a69-714c5e5fd9d6,heimdal_test_AutoPrefill_service-000041,Success,Artificial match,Male,Married,Primary Household Member,18595 OLD ALDRIN HIGHWAY,HIGHLANDS RANCH,CO,80126,Street Address,Definite Owner,6-10 yrs,2,True,False,False,False,3,"[{'firstName': 'KYLE', 'middleName': None, 'lastName': 'MURDOCK', 'dateOfBirth': '05/20/1970', 'age': 51, 'gender': 'Male', 'maritalStatus': 'Married', 'memberCode': 'Primary Household Member', 'verificationDate': '06/04/2021'}, {'firstName': 'SHARON', 'middleName': None, 'lastName': 'MURDOCK', 'dateOfBirth': '12/08/1971', 'age': 49, 'gender': 'Female', 'maritalStatus': 'Married', 'memberCode': 'Primary Household Member', 'verificationDate': '06/04/2021'}, {'firstName': 'ANDY', 'middleName': None, 'lastName': 'MURDOCK', 'dateOfBirth': '03/10/2003', 'age': 18, 'gender': 'Male', 'maritalStatus': 'Single', 'memberCode': 'Primary Household Member', 'verificationDate': '06/04/2021'}]","[{'confidence': 90, 'description': '2019 GMC SIERRA', 'year': '2019', 'make': 'GMC', 'model': 'SIERRA', 'type': 'Unknown', 'fuelType': None, 'mileage': None, 'marketValue': None}, {'confidence': 90, 'description': '2016 HONDA ODYSSEY', 'year': '2016', 'make': 'HONDA', 'model': 'ODYSSEY', 'type': None, 'fuelType': 'Gas', 'mileage': '40,001 - 50,000', 'marketValue': None}, {'confidence': 90, 'description': '2012 NISSAN ROGUE', 'year': '2012', 'make': 'NISSAN', 'model': 'ROGUE', 'type': None, 'fuelType': 'Gas', 'mileage': '90,001 - 100,000', 'marketValue': None}]",[],,Murdock,Kyle,05/20/1970,Highlands Ranch,CO,18595 Old Aldrin Highway,80126,[],False
42,3af9c2aa-902e-40e3-8d42-f681e0c0c623,heimdal_test_AutoPrefill_service-000042,Success,Artificial match,Female,Married,Primary Household Member,18595 OLD ALDRIN HIGHWAY,HIGHLANDS RANCH,CO,80126,Street Address,Definite Owner,6-10 yrs,2,True,False,False,False,3,"[{'firstName': 'SHARON', 'middleName': None, 'lastName': 'MURDOCK', 'dateOfBirth': '12/08/1971', 'age': 49, 'gender': 'Female', 'maritalStatus': 'Married', 'memberCode': 'Primary Household Member', 'verificationDate': '06/04/2021'}, {'firstName': 'KYLE', 'middleName': None, 'lastName': 'MURDOCK', 'dateOfBirth': '05/20/1970', 'age': 51, 'gender': 'Male', 'maritalStatus': 'Married', 'memberCode': 'Primary Household Member', 'verificationDate': '06/04/2021'}, {'firstName': 'ANDY', 'middleName': None, 'lastName': 'MURDOCK', 'dateOfBirth': '03/10/2003', 'age': 18, 'gender': 'Male', 'maritalStatus': 'Single', 'memberCode': 'Primary Household Member', 'verificationDate': '06/04/2021'}]","[{'confidence': 90, 'description': '2019 GMC SIERRA', 'year': '2019', 'make': 'GMC', 'model': 'SIERRA', 'type': 'Unknown', 'fuelType': None, 'mileage': None, 'marketValue': None}, {'confidence': 90, 'description': '2016 HONDA ODYSSEY', 'year': '2016', 'make': 'HONDA', 'model': 'ODYSSEY', 'type': None, 'fuelType': 'Gas', 'mileage': '40,001 - 50,000', 'marketValue': None}, {'confidence': 90, 'description': '2012 NISSAN ROGUE', 'year': '2012', 'make': 'NISSAN', 'model': 'ROGUE', 'type': None, 'fuelType': 'Gas', 'mileage': '90,001 - 100,000', 'marketValue': None}]",[],,Murdock,Sharon,12/08/1971,Highlands Ranch,CO,18595 Old Aldrin Highway,80126,[],False
43,2c025a8a-2354-4d3b-a156-26ef87706704,heimdal_test_AutoPrefill_service-000043,Success,Artificial match,Male,Single,Primary Household Member,18595 OLD ALDRIN HIGHWAY,HIGHLANDS RANCH,CO,80126,Street Address,Unknown,6-10 yrs,2,True,False,False,False,3,"[{'firstName': 'ANDY', 'middleName': None, 'lastName': 'MURDOCK', 'dateOfBirth': '03/10/2006', 'age': 15, 'gender': 'Male', 'maritalStatus': 'Single', 'memberCode': 'Primary Household Member', 'verificationDate': '06/04/2021'}, {'firstName': 'KYLE', 'middleName': None, 'lastName': 'MURDOCK', 'dateOfBirth': '05/20/1970', 'age': 51, 'gender': 'Male', 'maritalStatus': 'Married', 'memberCode': 'Primary Household Member', 'verificationDate': '06/04/2021'}, {'firstName': 'SHARON', 'middleName': None, 'lastName': 'MURDOCK', 'dateOfBirth': '12/08/1971', 'age': 49, 'gender': 'Female', 'maritalStatus': 'Married', 'memberCode': 'Primary Household Member', 'verificationDate': '06/04/2021'}]","[{'confidence': 90, 'description': '2019 GMC SIERRA', 'year': '2019', 'make': 'GMC', 'model': 'SIERRA', 'type': 'Unknown', 'fuelType': None, 'mileage': None, 'marketValue': None}, {'confidence': 90, 'description': '2016 HONDA ODYSSEY', 'year': '2016', 'make': 'HONDA', 'model': 'ODYSSEY', 'type': None, 'fuelType': 'Gas', 'mileage': '40,001 - 50,000', 'marketValue': None}, {'confidence': 90, 'description': '2012 NISSAN ROGUE', 'year': '2012', 'make': 'NISSAN', 'model': 'ROGUE', 'type': None, 'fuelType': 'Gas', 'mileage': '90,001 - 100,000', 'marketValue': None}]",[],,Murdock,Andy,03/10/2006,Highlands Ranch,CO,18595 Old Aldrin Highway,80126,[],False
44,89c48d1b-39ef-4d52-9c29-54db27c165f8,heimdal_test_AutoPrefill_service-000044,Success,Artificial match,Female,Single,Primary Household Member,5321 RED OAK LN,BEDFORD FALLS,AL,50613,Street Address,Definite Owner,11-15 yrs,0,False,True,False,False,1,"[{'firstName': 'JANET', 'middleName': None, 'lastName': 'WILLIAMS', 'dateOfBirth': '08/12/1959', 'age': 61, 'gender': 'Female', 'maritalStatus': 'Single', 'memberCode': 'Primary Household Member', 'verificationDate': '06/04/2021'}]","[{'confidence': 90, 'description': '2017 CHEVY TAHOE', 'year': '2017', 'make': 'CHEVY', 'model': 'TAHOE', 'type': 'Unknown', 'fuelType': None, 'mileage': None, 'marketValue': None}]",[],,Williams,Janet,08/12/1959,Bedford Falls,AL,5321 Red Oak Ln,50613,[],False
45,b46a6cfc-fe02-4ca8-92ec-3ad08db61f7b,heimdal_test_AutoPrefill_service-000045,Success,Artificial match,Male,Single,Primary Household Member,8 WHITE TAIL RD,HOT SPRINGS VILLAGE,AR,71909,Street Address,Definite Renter,7-12 mos.,0,False,False,False,True,1,"[{'firstName': 'HANK', 'middleName': None, 'lastName': 'CHELSEA', 'dateOfBirth': '01/07/2000', 'age': 21, 'gender': 'Male', 'maritalStatus': 'Single', 'memberCode': 'Primary Household Member', 'verificationDate': '06/04/2021'}]","[{'confidence': 90, 'description': '2015 FORD F-150', 'year': '2015', 'make': 'FORD', 'model': 'F-150', 'type': 'Unknown', 'fuelType': None, 'mileage': None, 'marketValue': None}]",[],,Chelsea,Hank,01/07/2000,Hot Springs Village,AR,8 White Tail Rd,71909,[],False
46,7ede107b-f79c-4537-8c0a-fb7e4219e738,heimdal_test_AutoPrefill_service-000046,Success,Artificial match,Female,Single,Primary Household Member,134 E SANTA MESA CT,TEMPE,AZ,85282,Street Address,Probable Renter,1-2 yrs,2,False,False,False,True,1,"[{'firstName': 'KIRA', 'middleName': None, 'lastName': 'JOHNSON', 'dateOfBirth': '06/19/1990', 'age': 30, 'gender': 'Female', 'maritalStatus': 'Single', 'memberCode': 'Primary Household Member', 'verificationDate': '06/04/2021'}]","[{'confidence': 90, 'description': '2019 TOYOTA HIGHLANDER', 'year': '2019', 'make': 'TOYOTA', 'model': 'HIGHLANDER', 'type': 'Unknown', 'fuelType': None, 'mileage': None, 'marketValue': None}]",[],,Johnson,Kira,06/19/1990,Tempe,AZ,134 E Santa Mesa Ct,85282,[],False
47,3a5165aa-d495-40f0-b245-126e9ba0eb07,heimdal_test_AutoPrefill_service-000047,Success,Artificial match,Male,Single,Primary Household Member,643 WALDEN CT,FORT COLLINS,CO,80126,Street Address,Probable Owner,6-10 yrs,0,False,False,False,False,1,"[{'firstName': 'RANDALL', 'middleName': None, 'lastName': 'PEARSON', 'dateOfBirth': '07/15/1980', 'age': 40, 'gender': 'Male', 'maritalStatus': 'Single', 'memberCode': 'Primary Household Member', 'verificationDate': '06/04/2021'}]","[{'confidence': 90, 'description': '2016 LEXUS SC', 'year': '2016', 'make': 'LEXUS', 'model': 'SC', 'type': 'Unknown', 'fuelType': None, 'mileage': None, 'marketValue': None}]",[],,Pearson,Randall,07/15/1980,Fort Collins,CO,643 Walden Ct,80126,[],False
48,60b8e3a9-c3e3-435e-af9f-c805dd2d690d,heimdal_test_AutoPrefill_service-000048,Success,Artificial match,Male,Married,Primary Household Member,300 WILLIAMS ST NE APT 410,WASHINGTON,DC,20011,Street Address,Definite Renter,0-6 mos.,2,True,False,False,False,2,"[{'firstName': 'RAMON', 'middleName': None, 'lastName': 'MARTINEZ', 'dateOfBirth': '08/15/1962', 'age': 58, 'gender': 'Male', 'maritalStatus': 'Married', 'memberCode': 'Primary Household Member', 'verificationDate': '06/04/2021'}, {'firstName': 'ERIN', 'middleName': None, 'lastName': 'MARTINEZ', 'dateOfBirth': '10/05/1967', 'age': 53, 'gender': 'Female', 'maritalStatus': 'Married', 'memberCode': 'Primary Household Member', 'verificationDate': '06/04/2021'}, {'firstName': 'OLIVIA', 'middleName': None, 'lastName': 'MARTINEZ', 'dateOfBirth': '09/15/2001', 'age': 20, 'gender': 'Female', 'maritalStatus': 'Single', 'memberCode': 'Primary Household Member', 'verificationDate': '06/04/2021'}]","[{'confidence': 90, 'description': '2006 KIA SORENTO', 'year': '2006', 'make': 'KIA', 'model': 'SORENTO', 'type': 'Unknown', 'fuelType': None, 'mileage': None, 'marketValue': None}, {'confidence': 90, 'description': '2010 JEEP LIBERTY', 'year': '2010', 'make': 'JEEP', 'model': 'LIBERTY', 'type': None, 'fuelType': 'Gas', 'mileage': '120,001 - 130,000', 'marketValue': None}]",[],,Martinez,Ramon,08/15/1962,Washington,DC,300 Williams St NE Apt 410,20011,[],False
49,c9cad357-a29b-461d-905c-8d90674fde23,heimdal_test_AutoPrefill_service-000049,Success,Artificial match,Male,Married,Primary Household Member,12109 OAK TREE CT,FAIRFAX,VA,22030,Street Address,Definite Renter,0-6 mos.,2,True,False,False,False,2,"[{'firstName': 'RAMON', 'middleName': None, 'lastName': 'MARTINEZ', 'dateOfBirth': '08/15/1962', 'age': 58, 'gender': 'Male', 'maritalStatus': 'Married', 'memberCode': 'Primary Household Member', 'verificationDate': '06/04/2021'}, {'firstName': 'ERIN', 'middleName': None, 'lastName': 'MARTINEZ', 'dateOfBirth': '10/05/1967', 'age': 53, 'gender': 'Female', 'maritalStatus': 'Married', 'memberCode': 'Primary Household Member', 'verificationDate': '06/04/2021'}, {'firstName': 'OLIVIA', 'middleName': None, 'lastName': 'MARTINEZ', 'dateOfBirth': '09/15/2001', 'age': 20, 'gender': 'Female', 'maritalStatus': 'Single', 'memberCode': 'Primary Household Member', 'verificationDate': '06/04/2021'}]","[{'confidence': 90, 'description': '2006 KIA SORENTO', 'year': '2006', 'make': 'KIA', 'model': 'SORENTO', 'type': 'Unknown', 'fuelType': None, 'mileage': None, 'marketValue': None}, {'confidence': 90, 'description': '2010 JEEP LIBERTY', 'year': '2010', 'make': 'JEEP', 'model': 'LIBERTY', 'type': None, 'fuelType': 'Gas', 'mileage': '120,001 - 130,000', 'marketValue': None}]",[],,Martinez,Ramon,08/15/1962,Fairfax,VA,12109 Oak Tree Ct,22030,[],False
50,8e2e5a65-7d7e-45fb-9f40-67ac3ef7c7c0,heimdal_test_AutoPrefill_service-000050,Success,Artificial match,Female,Married,Primary Household Member,300 WILLIAMS ST NE APT 410,WASHINGTON,DC,20011,Street Address,Definite Renter,0-6 mos.,2,True,False,False,False,2,"[{'firstName': 'ERIN', 'middleName': None, 'lastName': 'MARTINEZ', 'dateOfBirth': '10/05/1967', 'age': 53, 'gender': 'Female', 'maritalStatus': 'Married', 'memberCode': 'Primary Household Member', 'verificationDate': '06/04/2021'}, {'firstName': 'RAMON', 'middleName': None, 'lastName': 'MARTINEZ', 'dateOfBirth': '08/15/1962', 'age': 58, 'gender': 'Male', 'maritalStatus': 'Married', 'memberCode': 'Primary Household Member', 'verificationDate': '06/04/2021'}, {'firstName': 'OLIVIA', 'middleName': None, 'lastName': 'MARTINEZ', 'dateOfBirth': '09/15/2001', 'age': 20, 'gender': 'Female', 'maritalStatus': 'Single', 'memberCode': 'Primary Household Member', 'verificationDate': '06/04/2021'}]","[{'confidence': 90, 'description': '2006 KIA SORENTO', 'year': '2006', 'make': 'KIA', 'model': 'SORENTO', 'type': 'Unknown', 'fuelType': None, 'mileage': None, 'marketValue': None}, {'confidence': 90, 'description': '2010 JEEP LIBERTY', 'year': '2010', 'make': 'JEEP', 'model': 'LIBERTY', 'type': None, 'fuelType': 'Gas', 'mileage': '120,001 - 130,000', 'marketValue': None}]",[],,Martinez,Erin,10/05/1967,Washington,DC,300 Williams St NE Apt 410,20011,[],False
51,eb896d61-7109-46b8-938b-1f8723dd545e,heimdal_test_AutoPrefill_service-000051,Success,Artificial match,Female,Married,Primary Household Member,12109 OAK TREE CT,FAIRFAX,VA,22030,Street Address,Definite Renter,0-6 mos.,2,True,False,False,False,2,"[{'firstName': 'ERIN', 'middleName': None, 'lastName': 'MARTINEZ', 'dateOfBirth': '10/05/1967', 'age': 53, 'gender': 'Female', 'maritalStatus': 'Married', 'memberCode': 'Primary Household Member', 'verificationDate': '06/04/2021'}, {'firstName': 'RAMON', 'middleName': None, 'lastName': 'MARTINEZ', 'dateOfBirth': '08/15/1962', 'age': 58, 'gender': 'Male', 'maritalStatus': 'Married', 'memberCode': 'Primary Household Member', 'verificationDate': '06/04/2021'}, {'firstName': 'OLIVIA', 'middleName': None, 'lastName': 'MARTINEZ', 'dateOfBirth': '09/15/2001', 'age': 20, 'gender': 'Female', 'maritalStatus': 'Single', 'memberCode': 'Primary Household Member', 'verificationDate': '06/04/2021'}]","[{'confidence': 90, 'description': '2006 KIA SORENTO', 'year': '2006', 'make': 'KIA', 'model': 'SORENTO', 'type': 'Unknown', 'fuelType': None, 'mileage': None, 'marketValue': None}, {'confidence': 90, 'description': '2010 JEEP LIBERTY', 'year': '2010', 'make': 'JEEP', 'model': 'LIBERTY', 'type': None, 'fuelType': 'Gas', 'mileage': '120,001 - 130,000', 'marketValue': None}]",[],,Martinez,Erin,10/05/1967,Fairfax,VA,12109 Oak Tree Ct,22030,[],False
52,7176e664-634a-4295-ab4a-61f27d52ce9f,heimdal_test_AutoPrefill_service-000052,Success,Artificial match,Female,Single,Primary Household Member,300 WILLIAMS ST NE APT 410,WASHINGTON,DC,20011,Street Address,Definite Renter,0-6 mos.,2,True,False,False,False,2,"[{'firstName': 'OLIVIA', 'middleName': None, 'lastName': 'MARTINEZ', 'dateOfBirth': '09/15/2001', 'age': 19, 'gender': 'Female', 'maritalStatus': 'Single', 'memberCode': 'Primary Household Member', 'verificationDate': '06/04/2021'}, {'firstName': 'RAMON', 'middleName': None, 'lastName': 'MARTINEZ', 'dateOfBirth': '08/15/1962', 'age': 58, 'gender': 'Male', 'maritalStatus': 'Married', 'memberCode': 'Primary Household Member', 'verificationDate': '06/04/2021'}, {'firstName': 'ERIN', 'middleName': None, 'lastName': 'MARTINEZ', 'dateOfBirth': '10/05/1967', 'age': 53, 'gender': 'Female', 'maritalStatus': 'Married', 'memberCode': 'Primary Household Member', 'verificationDate': '06/04/2021'}]","[{'confidence': 90, 'description': '2006 KIA SORENTO', 'year': '2006', 'make': 'KIA', 'model': 'SORENTO', 'type': 'Unknown', 'fuelType': None, 'mileage': None, 'marketValue': None}, {'confidence': 90, 'description': '2010 JEEP LIBERTY', 'year': '2010', 'make': 'JEEP', 'model': 'LIBERTY', 'type': None, 'fuelType': 'Gas', 'mileage': '120,001 - 130,000', 'marketValue': None}]",[],,Martinez,Olivia,09/15/2001,Washington,DC,300 Williams St NE Apt 410,20011,[],False
53,19f23d99-01df-4c3c-977f-27d309289094,heimdal_test_AutoPrefill_service-000053,Success,Artificial match,Female,Single,Primary Household Member,12109 OAK TREE CT,FAIRFAX,VA,22030,Street Address,Definite Renter,0-6 mos.,2,True,False,False,False,2,"[{'firstName': 'OLIVIA', 'middleName': None, 'lastName': 'MARTINEZ', 'dateOfBirth': '09/15/2001', 'age': 19, 'gender': 'Female', 'maritalStatus': 'Single', 'memberCode': 'Primary Household Member', 'verificationDate': '06/04/2021'}, {'firstName': 'RAMON', 'middleName': None, 'lastName': 'MARTINEZ', 'dateOfBirth': '08/15/1962', 'age': 58, 'gender': 'Male', 'maritalStatus': 'Married', 'memberCode': 'Primary Household Member', 'verificationDate': '06/04/2021'}, {'firstName': 'ERIN', 'middleName': None, 'lastName': 'MARTINEZ', 'dateOfBirth': '10/05/1967', 'age': 53, 'gender': 'Female', 'maritalStatus': 'Married', 'memberCode': 'Primary Household Member', 'verificationDate': '06/04/2021'}]","[{'confidence': 90, 'description': '2006 KIA SORENTO', 'year': '2006', 'make': 'KIA', 'model': 'SORENTO', 'type': 'Unknown', 'fuelType': None, 'mileage': None, 'marketValue': None}, {'confidence': 90, 'description': '2010 JEEP LIBERTY', 'year': '2010', 'make': 'JEEP', 'model': 'LIBERTY', 'type': None, 'fuelType': 'Gas', 'mileage': '120,001 - 130,000', 'marketValue': None}]",[],,Martinez,Olivia,09/15/2001,Fairfax,VA,12109 Oak Tree Ct,22030,[],False
54,7188dd9c-2f64-412c-9593-b1ce6bedf908,heimdal_test_AutoPrefill_service-000054,Success,Artificial match,Male,Single,Primary Household Member,1581 EGLIN WAY SW,OMAHA,NE,68124,Street Address,Definite Owner,3-5 yrs,0,False,False,False,False,1,"[{'firstName': 'ARVINDER', 'middleName': None, 'lastName': 'SINGH', 'dateOfBirth': '01/19/1978', 'age': 43, 'gender': 'Male', 'maritalStatus': 'Single', 'memberCode': 'Primary Household Member', 'verificationDate': '06/04/2021'}]","[{'confidence': 90, 'description': '2019 BMW X3', 'year': '2019', 'make': 'BMW', 'model': 'X3', 'type': 'Unknown', 'fuelType': None, 'mileage': None, 'marketValue': None}]",[],,Singh,Arvinder,01/19/1978,Omaha,NE,1581 Eglin Way SW,68124,[],False
55,65955ae3-8c30-4a21-a10c-c8c0534d9322,heimdal_test_AutoPrefill_service-000055,Success,Artificial match,Male,Single,Primary Household Member,717 HEREFORD DR,MIDDLETOWN,DE,19709,Street Address,Definite Renter,0-6 mos.,0,False,False,False,False,1,"[{'firstName': 'JAMES', 'middleName': None, 'lastName': 'DURSLEY', 'dateOfBirth': '10/17/1988', 'age': 32, 'gender': 'Male', 'maritalStatus': 'Single', 'memberCode': 'Primary Household Member', 'verificationDate': '06/09/2021'}]","[{'confidence': 90, 'description': '2010 FORD RANGER', 'year': '2010', 'make': 'FORD', 'model': 'RANGER', 'type': 'Unknown', 'fuelType': None, 'mileage': None, 'marketValue': None}]",[],,Dursley,James,10/17/1988,Middletown,DE,717 Hereford Dr,19709,[],False
56,1637dc97-e3dd-4886-aaa6-d452b7cab140,heimdal_test_AutoPrefill_service-000056,Success,Artificial match,Female,Single,Primary Household Member,620 NAVIGATION BLVD,NEW CASTLE,DE,19720,Street Address,Definite Renter,7-12 mos.,0,False,False,False,False,1,"[{'firstName': 'ALIA', 'middleName': None, 'lastName': 'GABRIEL', 'dateOfBirth': '10/19/1996', 'age': 24, 'gender': 'Female', 'maritalStatus': 'Single', 'memberCode': 'Primary Household Member', 'verificationDate': '06/09/2021'}]","[{'confidence': 90, 'description': '2014 VW BEETLE', 'year': '2014', 'make': 'VW', 'model': 'BEETLE', 'type': 'Unknown', 'fuelType': None, 'mileage': None, 'marketValue': None}]",[],,Gabriel,Alia,10/19/1996,New Castle,DE,620 Navigation Blvd,19720,[],False
57,b2b1f9dd-1064-4ada-a20a-206960c0e960,heimdal_test_AutoPrefill_service-000057,Success,Artificial match,Female,Single,Primary Household Member,16854 WESTPORT BLVD,RANDOR,DE,19968,Street Address,Probable Owner,6-10 yrs,0,False,False,False,False,1,"[{'firstName': 'AMY', 'middleName': None, 'lastName': 'NYE', 'dateOfBirth': '06/20/1957', 'age': 63, 'gender': 'Female', 'maritalStatus': 'Single', 'memberCode': 'Primary Household Member', 'verificationDate': '06/09/2021'}]","[{'confidence': 90, 'description': '2015 MAZDA CX-5', 'year': '2015', 'make': 'MAZDA', 'model': 'CX-5', 'type': 'Unknown', 'fuelType': None, 'mileage': None, 'marketValue': None}]",[],,Nye,Amy,06/20/1957,Randor,DE,16854 Westport Blvd,19968,[],False
58,ccdf6539-d830-4425-a826-1d82fe43e535,heimdal_test_AutoPrefill_service-000058,Success,Artificial match,Female,Married,Primary Household Member,1732 TORREY PINES ST,MILTON,FL,32570,Street Address,Definite Renter,0-6 mos.,0,False,False,False,False,2,"[{'firstName': 'HANNA', 'middleName': None, 'lastName': 'PARMELY', 'dateOfBirth': '08/20/1998', 'age': 22, 'gender': 'Female', 'maritalStatus': 'Married', 'memberCode': 'Primary Household Member', 'verificationDate': '06/09/2021'}, {'firstName': 'WYATT', 'middleName': None, 'lastName': 'PARMELY', 'dateOfBirth': '02/16/1997', 'age': 23, 'gender': 'Male', 'maritalStatus': 'Married', 'memberCode': 'Primary Household Member', 'verificationDate': '06/09/2021'}]","[{'confidence': 90, 'description': '2016 VW JETTA', 'year': '2016', 'make': 'VW', 'model': 'JETTA', 'type': 'Unknown', 'fuelType': None, 'mileage': None, 'marketValue': None}, {'confidence': 90, 'description': '2013 DODGE CHARGER', 'year': '2013', 'make': 'DODGE', 'model': 'CHARGER', 'type': 'Sedan', 'fuelType': 'Gas', 'mileage': '60,001 - 70,000', 'marketValue': None}]",[],,Parmely,Hanna,08/20/1998,Milton,FL,1732 Torrey Pines St,32570,[],False
59,86701e5a-a436-4a2a-afb3-c9cb896d56d6,heimdal_test_AutoPrefill_service-000059,Success,Artificial match,Male,Married,Primary Household Member,1732 TORREY PINES ST,MILTON,FL,32570,Street Address,Definite Renter,0-6 mos.,0,False,False,False,False,2,"[{'firstName': 'WYATT', 'middleName': None, 'lastName': 'PARMELY', 'dateOfBirth': '02/16/1997', 'age': 24, 'gender': 'Male', 'maritalStatus': 'Married', 'memberCode': 'Primary Household Member', 'verificationDate': '06/09/2021'}, {'firstName': 'HANNA', 'middleName': None, 'lastName': 'PARMELY', 'dateOfBirth': '08/20/1998', 'age': 22, 'gender': 'Female', 'maritalStatus': 'Married', 'memberCode': 'Primary Household Member', 'verificationDate': '06/09/2021'}]","[{'confidence': 90, 'description': '2016 VW JETTA', 'year': '2016', 'make': 'VW', 'model': 'JETTA', 'type': 'Unknown', 'fuelType': None, 'mileage': None, 'marketValue': None}, {'confidence': 90, 'description': '2013 DODGE CHARGER', 'year': '2013', 'make': 'DODGE', 'model': 'CHARGER', 'type': 'Sedan', 'fuelType': 'Gas', 'mileage': '60,001 - 70,000', 'marketValue': None}]",[],,Parmely,Wyatt,02/16/1997,Milton,FL,1732 Torrey Pines St,32570,[],False
60,09c00d08-5a5a-4384-ae02-fe3bef0173d6,heimdal_test_AutoPrefill_service-000060,Success,Artificial match,Female,Married,Primary Household Member,70 BELGROVE ST,SAVANNAH,GA,31407,Street Address,Definite Owner,3-5 yrs,0,False,False,True,False,2,"[{'firstName': 'STACY', 'middleName': None, 'lastName': 'MADDOW', 'dateOfBirth': '09/12/1969', 'age': 51, 'gender': 'Female', 'maritalStatus': 'Married', 'memberCode': 'Primary Household Member', 'verificationDate': '06/10/2021'}, {'firstName': 'ELLEN', 'middleName': None, 'lastName': 'MADDOW', 'dateOfBirth': '02/15/1973', 'age': 48, 'gender': 'Female', 'maritalStatus': 'Married', 'memberCode': 'Primary Household Member', 'verificationDate': '06/10/2021'}]","[{'confidence': 90, 'description': '2013 SUBURU OUTBACK', 'year': '2013', 'make': 'SUBURU', 'model': 'OUTBACK', 'type': 'Unknown', 'fuelType': None, 'mileage': None, 'marketValue': None}, {'confidence': 90, 'description': '2008 HONDA CIVIC', 'year': '2008', 'make': 'HONDA', 'model': 'CIVIC', 'type': 'Sedan', 'fuelType': 'Gas', 'mileage': '130,001 - 140,000', 'marketValue': None}]",[],,Maddow,Stacy,09/12/1969,Savannah,GA,70 Belgrove St,31407,[],False
61,642cbfe0-66a9-446f-92a0-de5d3d06327c,heimdal_test_AutoPrefill_service-000061,Success,Artificial match,Female,Married,Primary Household Member,70 BELGROVE ST,SAVANNAH,GA,31407,Street Address,Definite Owner,3-5 yrs,0,False,False,True,False,2,"[{'firstName': 'ELLEN', 'middleName': None, 'lastName': 'MADDOW', 'dateOfBirth': '02/15/1973', 'age': 48, 'gender': 'Female', 'maritalStatus': 'Married', 'memberCode': 'Primary Household Member', 'verificationDate': '06/10/2021'}, {'firstName': 'STACY', 'middleName': None, 'lastName': 'MADDOW', 'dateOfBirth': '09/12/1969', 'age': 51, 'gender': 'Female', 'maritalStatus': 'Married', 'memberCode': 'Primary Household Member', 'verificationDate': '06/10/2021'}]","[{'confidence': 90, 'description': '2013 SUBURU OUTBACK', 'year': '2013', 'make': 'SUBURU', 'model': 'OUTBACK', 'type': 'Unknown', 'fuelType': None, 'mileage': None, 'marketValue': None}, {'confidence': 90, 'description': '2008 HONDA CIVIC', 'year': '2008', 'make': 'HONDA', 'model': 'CIVIC', 'type': 'Sedan', 'fuelType': 'Gas', 'mileage': '130,001 - 140,000', 'marketValue': None}]",[],,Maddow,Ellen,02/15/1973,Savannah,GA,70 Belgrove St,31407,[],False
62,4c0f6c08-d17b-4198-a7d4-29d8eab8cc4c,heimdal_test_AutoPrefill_service-000062,Success,Artificial match,Male,Single,Primary Household Member,7505 SAILBOAT CV,FT STEWART,GA,31315,Street Address,Definite Renter,1-2 yrs,0,False,False,False,True,1,"[{'firstName': 'TIM', 'middleName': None, 'lastName': 'WARREN', 'dateOfBirth': '09/23/1982', 'age': 38, 'gender': 'Male', 'maritalStatus': 'Single', 'memberCode': 'Primary Household Member', 'verificationDate': '06/10/2021'}]","[{'confidence': 90, 'description': '2015 TOYOTA TACOMA', 'year': '2015', 'make': 'TOYOTA', 'model': 'TACOMA', 'type': 'Unknown', 'fuelType': None, 'mileage': None, 'marketValue': None}]",[],,Warren,Tim,09/23/1982,Ft Stewart,GA,7505 Sailboat Cv,31315,[],False
63,9fea2e7b-a747-44fe-bcba-908299a7590c,heimdal_test_AutoPrefill_service-000063,Success,Artificial match,Male,Married,Primary Household Member,1411 TRENTON AVE NE,GROVETOWN,GA,30813,Street Address,Definite Owner,11-15 yrs,2,True,False,False,False,2,"[{'firstName': 'JOHN', 'middleName': None, 'lastName': 'HULL', 'dateOfBirth': '10/12/1968', 'age': 52, 'gender': 'Male', 'maritalStatus': 'Married', 'memberCode': 'Primary Household Member', 'verificationDate': '06/10/2021'}, {'firstName': 'ALLISON', 'middleName': None, 'lastName': 'HULL', 'dateOfBirth': '07/19/1972', 'age': 49, 'gender': 'Female', 'maritalStatus': 'Married', 'memberCode': 'Primary Household Member', 'verificationDate': '06/10/2021'}]","[{'confidence': 90, 'description': '2018 CHEVY SILVERADO', 'year': '2018', 'make': 'CHEVY', 'model': 'SILVERADO', 'type': 'Unknown', 'fuelType': None, 'mileage': None, 'marketValue': None}, {'confidence': 90, 'description': '2017 CHEVY BOLT', 'year': '2017', 'make': 'CHEVY', 'model': 'BOLT', 'type': 'Hatchback', 'fuelType': 'Electric', 'mileage': '50,001 - 60,000', 'marketValue': None}]",[],,Hull,John,10/12/1968,Grovetown,GA,1411 Trenton Ave NE,30813,[],False
64,172fdb2b-4057-4d1f-b916-220843b5490a,heimdal_test_AutoPrefill_service-000064,Success,Artificial match,Female,Married,Primary Household Member,1411 TRENTON AVE NE,GROVETOWN,GA,30813,Street Address,Definite Owner,11-15 yrs,2,True,False,False,False,2,"[{'firstName': 'ALLISON', 'middleName': None, 'lastName': 'HULL', 'dateOfBirth': '07/19/1972', 'age': 48, 'gender': 'Female', 'maritalStatus': 'Married', 'memberCode': 'Primary Household Member', 'verificationDate': '06/10/2021'}, {'firstName': 'JOHN', 'middleName': None, 'lastName': 'HULL', 'dateOfBirth': '10/12/1968', 'age': 52, 'gender': 'Male', 'maritalStatus': 'Married', 'memberCode': 'Primary Household Member', 'verificationDate': '06/10/2021'}]","[{'confidence': 90, 'description': '2018 CHEVY SILVERADO', 'year': '2018', 'make': 'CHEVY', 'model': 'SILVERADO', 'type': 'Unknown', 'fuelType': None, 'mileage': None, 'marketValue': None}, {'confidence': 90, 'description': '2017 CHEVY BOLT', 'year': '2017', 'make': 'CHEVY', 'model': 'BOLT', 'type': 'Hatchback', 'fuelType': 'Electric', 'mileage': '50,001 - 60,000', 'marketValue': None}]",[],,Hull,Allison,07/19/1972,Grovetown,GA,1411 Trenton Ave NE,30813,[],False
65,9803acce-90b9-452c-a77b-0f83822402f0,heimdal_test_AutoPrefill_service-000065,Success,Artificial match,Male,Married,Primary Household Member,3920 CARTER BLVD,MARINEZ,GA,30907,Street Address,Definite Owner,0-6 mos.,0,False,True,False,False,1,"[{'firstName': 'CHRIS', 'middleName': None, 'lastName': 'LOWE', 'dateOfBirth': '05/02/1958', 'age': 63, 'gender': 'Male', 'maritalStatus': 'Married', 'memberCode': 'Primary Household Member', 'verificationDate': '06/10/2021'}]","[{'confidence': 90, 'description': '2017 TOYOTA CAMRY', 'year': '2017', 'make': 'TOYOTA', 'model': 'CAMRY', 'type': 'Unknown', 'fuelType': None, 'mileage': None, 'marketValue': None}]",[],,Lowe,Chris,05/02/1958,Marinez,GA,3920 Carter Blvd,30907,[],False
66,78c600c7-5c3b-4af6-871b-b926ed152777,heimdal_test_AutoPrefill_service-000066,Success,Artificial match,Male,Married,Primary Household Member,2515 EDGEMONT,JOHNSTON,IA,50131,Street Address,Definite Owner,0-6 mos.,0,False,True,False,False,1,"[{'firstName': 'BOB', 'middleName': None, 'lastName': 'SIMPSON', 'dateOfBirth': '10/07/1943', 'age': 77, 'gender': 'Male', 'maritalStatus': 'Married', 'memberCode': 'Primary Household Member', 'verificationDate': '06/10/2021'}, {'firstName': 'BETTY', 'middleName': None, 'lastName': 'SIMPSON', 'dateOfBirth': '10/20/1947', 'age': 73, 'gender': 'Female', 'maritalStatus': 'Married', 'memberCode': 'Primary Household Member', 'verificationDate': '06/10/2021'}]","[{'confidence': 90, 'description': '2009 CADILLAC XLR', 'year': '2009', 'make': 'CADILLAC', 'model': 'XLR', 'type': 'Unknown', 'fuelType': None, 'mileage': None, 'marketValue': None}]",[],,Simpson,Bob,10/07/1943,Johnston,IA,2515 Edgemont,50131,[],False
67,e6a6b3b0-d025-44bf-9673-d3b67ac4e727,heimdal_test_AutoPrefill_service-000067,Success,Artificial match,Male,Married,Primary Household Member,4513 W 185TH ST,SHAWNEE,KS,66218,Street Address,Definite Owner,0-6 mos.,0,False,True,False,False,1,"[{'firstName': 'BOB', 'middleName': None, 'lastName': 'SIMPSON', 'dateOfBirth': '10/07/1943', 'age': 77, 'gender': 'Male', 'maritalStatus': 'Married', 'memberCode': 'Primary Household Member', 'verificationDate': '06/10/2021'}, {'firstName': 'BETTY', 'middleName': None, 'lastName': 'SIMPSON', 'dateOfBirth': '10/20/1947', 'age': 73, 'gender': 'Female', 'maritalStatus': 'Married', 'memberCode': 'Primary Household Member', 'verificationDate': '06/10/2021'}]","[{'confidence': 90, 'description': '2009 CADILLAC XLR', 'year': '2009', 'make': 'CADILLAC', 'model': 'XLR', 'type': 'Unknown', 'fuelType': None, 'mileage': None, 'marketValue': None}]",[],,Simpson,Bob,10/07/1943,Shawnee,Ks,4513 W 185th St,66218,[],False
68,cbdc7afa-36db-4542-9de9-1d67f42786cf,heimdal_test_AutoPrefill_service-000068,Success,Artificial match,Female,Married,Primary Household Member,2515 EDGEMONT,JOHNSTON,IA,50131,Street Address,Definite Owner,0-6 mos.,0,False,True,False,False,1,"[{'firstName': 'BETTY', 'middleName': None, 'lastName': 'SIMPSON', 'dateOfBirth': '10/20/1947', 'age': 73, 'gender': 'Female', 'maritalStatus': 'Married', 'memberCode': 'Primary Household Member', 'verificationDate': '06/10/2021'}, {'firstName': 'BOB', 'middleName': None, 'lastName': 'SIMPSON', 'dateOfBirth': '10/07/1943', 'age': 77, 'gender': 'Male', 'maritalStatus': 'Married', 'memberCode': 'Primary Household Member', 'verificationDate': '06/10/2021'}]","[{'confidence': 90, 'description': '2009 CADILLAC XLR', 'year': '2009', 'make': 'CADILLAC', 'model': 'XLR', 'type': 'Unknown', 'fuelType': None, 'mileage': None, 'marketValue': None}]",[],,Simpson,Betty,10/20/1947,Johnston,IA,2515 Edgemont,50131,[],False
69,41fad648-659a-40b1-80b5-36e739cf382f,heimdal_test_AutoPrefill_service-000069,Success,Artificial match,Female,Married,Primary Household Member,4513 W 185TH ST,SHAWNEE,KS,66218,Street Address,Definite Owner,0-6 mos.,0,False,True,False,False,1,"[{'firstName': 'BETTY', 'middleName': None, 'lastName': 'SIMPSON', 'dateOfBirth': '10/20/1947', 'age': 73, 'gender': 'Female', 'maritalStatus': 'Married', 'memberCode': 'Primary Household Member', 'verificationDate': '06/10/2021'}, {'firstName': 'BOB', 'middleName': None, 'lastName': 'SIMPSON', 'dateOfBirth': '10/07/1943', 'age': 77, 'gender': 'Male', 'maritalStatus': 'Married', 'memberCode': 'Primary Household Member', 'verificationDate': '06/10/2021'}]","[{'confidence': 90, 'description': '2009 CADILLAC XLR', 'year': '2009', 'make': 'CADILLAC', 'model': 'XLR', 'type': 'Unknown', 'fuelType': None, 'mileage': None, 'marketValue': None}]",[],,Simpson,Betty,10/20/1947,Shawnee,KS,4513 W 185th St,66218,[],False
70,0632508a-7897-4748-bc0f-9caf17787c63,heimdal_test_AutoPrefill_service-000070,Success,Artificial match,Female,Single,Primary Household Member,1306 GIBSON AVE,CEDAR RAPIDS,IA,52405,Street Address,Probable Owner,16-20 yrs,0,False,True,False,False,1,"[{'firstName': 'TILLY', 'middleName': None, 'lastName': 'FRANKS', 'dateOfBirth': '01/12/1940', 'age': 81, 'gender': 'Female', 'maritalStatus': 'Single', 'memberCode': 'Primary Household Member', 'verificationDate': '06/10/2021'}]","[{'confidence': 90, 'description': '2005 BUICK LASABRE', 'year': '2005', 'make': 'BUICK', 'model': 'LASABRE', 'type': 'Unknown', 'fuelType': None, 'mileage': None, 'marketValue': None}]",[],,Franks,Tilly,01/12/1940,Cedar Rapids,IA,1306 Gibson Ave,52405,[],False
71,1502fd56-4a39-404e-afcb-0edd988bd95f,heimdal_test_AutoPrefill_service-000071,Success,Artificial match,Female,Single,Primary Household Member,2910 NW SOUTHPARK DR,ANKENY,IA,50023,Street Address,Definite Owner,0-6 mos.,0,False,False,False,False,1,"[{'firstName': 'LAUREN', 'middleName': None, 'lastName': 'DANIELS', 'dateOfBirth': '06/14/1975', 'age': 46, 'gender': 'Female', 'maritalStatus': 'Single', 'memberCode': 'Primary Household Member', 'verificationDate': '06/10/2021'}]","[{'confidence': 90, 'description': '2018 MINI COOPER COUNTRYMAN', 'year': '2018', 'make': 'MINI COOPER', 'model': 'COUNTRYMAN', 'type': 'Unknown', 'fuelType': None, 'mileage': None, 'marketValue': None}]",[],,Daniels,Lauren,06/14/1975,Ankeny,IA,2910 NW Southpark Dr,50023,[],False
72,77f9ae67-170a-4503-b15a-29256f3d2ed8,heimdal_test_AutoPrefill_service-000072,Success,Artificial match,Female,Single,Primary Household Member,9711 PIONEER TRL,GLEN BURNIE,MD,21060,Street Address,Definite Owner,0-6 mos.,0,False,False,False,False,1,"[{'firstName': 'LAUREN', 'middleName': None, 'lastName': 'DANIELS', 'dateOfBirth': '06/14/1975', 'age': 46, 'gender': 'Female', 'maritalStatus': 'Single', 'memberCode': 'Primary Household Member', 'verificationDate': '06/10/2021'}]","[{'confidence': 90, 'description': '2018 MINI COOPER COUNTRYMAN', 'year': '2018', 'make': 'MINI COOPER', 'model': 'COUNTRYMAN', 'type': 'Unknown', 'fuelType': None, 'mileage': None, 'marketValue': None}]",[],,Daniels,Lauren,06/14/1975,Glen Burnie,MD,9711 Pioneer Trl,21060,[],False
