,requestId,submissionId,status,matchDescription,primary.firstName,primary.middleName,primary.lastName,primary.dateOfBirth,primary.age,primary.gender,primary.maritalStatus,primary.memberCode,primary.address.addressLine1,primary.address.city,primary.address.state,primary.address.zipCode,primary.address.addressType,primary.homeOwnerStatus,primary.lengthOfResidence,primary.occupation,householdInfo.numberOfGenerations,householdInfo.babyBoomer,householdInfo.dualIncomeNoKids,householdInfo.genX,householdInfo.millennial,householdInfo.numberOfAdults,householdInfo.presenceChildren,householdInfo.children.totalChildren,householdInfo.children.children0to2,householdInfo.children.children3to5,householdInfo.children.children6to10,householdInfo.children.children11to15,householdInfo.children.children16to17,householdInfo.children.childrenUnknownAge,householdInfo.hobbies,financialInfo.income,financialInfo.netWorth,financialInfo.wealthResources,financialInfo.investmentResources,financialInfo.liquidResources,financialInfo.shortTermLiability,financialInfo.mortgageData.firstMortgageAmount,financialInfo.mortgageData.secondMortgageAmount,financialInfo.mortgageData.originalMortgageAmount,financialInfo.mortgageData.homeEquityLoan,financialInfo.mortgageData.interestRate,financialInfo.mortgageData.interestRateType,financialInfo.mortgageData.loanType,financialInfo.mortgageData.loanDate,financialInfo.mortgageData.refiIndicator,financialInfo.equityInfo.salePrice,financialInfo.equityInfo.marketValue,financialInfo.equityInfo.currentLoanToValue,financialInfo.equityInfo.equity,financialInfo.equityInfo.saleDate,financialInfo.investments,householdMembers,requestBody.person.middleName,requestBody.person.lastName,requestBody.person.firstName,requestBody.person.dateOfBirth,requestBody.address.city,requestBody.address.state,requestBody.address.addressLine1,requestBody.address.zipCode,requestBody.otherAddresses,requestBody.standardizeAddress
0,914680ec-68bb-418d-8416-7d73c512aa5b,heimdal_test_LifePrefill_service-000000,Success,Artificial match,JENNY,P,EVERYWHERE,11/10/1962,58,Female,Married,Primary Household Member,63724 RAMSEY WAY,DALLAS,TX,75246,Street Address,Definite Owner,11-15 yrs,Professional/Technical,1,True,False,False,False,2,False,0,0,0,0,0,0,0,[],"$200,000 - 249,999",,"$500,000 - $749,999","$500,000 or more","$100,000 or more","$5,000 - $9,999",258,125,258,125,6.47%,Fixed Rate Loan,Conventional,10/15/2006,False,322,431,113%,,10/15/2006,[],"[{'firstName': 'JENNY', 'middleName': 'P', 'lastName': 'EVERYWHERE', 'dateOfBirth': '11/10/1962', 'age': 58, 'gender': 'Female', 'maritalStatus': 'Married', 'memberCode': 'Primary Household Member'}, {'firstName': 'HUGO', 'middleName': 'J', 'lastName': 'DANNER', 'dateOfBirth': '11/12/1964', 'age': 55, 'gender': 'Male', 'maritalStatus': 'Single', 'memberCode': 'Primary Household Member'}]",, Everywhere,Jenny, 11/10/1962, Dallas, TX, 63724 Ramsey Way,75246,[],False
1,1e82aba1-8593-43d7-8c68-abdd228250a2,heimdal_test_LifePrefill_service-000001,Success,Artificial match,HUGO,J,DANNER,11/12/1964,56,Male,Single,Primary Household Member,63724 RAMSEY WAY,DALLAS,TX,75246,Street Address,Probable Owner,11-15 yrs,Unknown/No Data,1,True,False,False,False,1,False,0,0,0,0,0,0,0,[],"$125,000 - $149,999",,"$250,000 - $499,999","$250,000 - $499,999","$40,000 - $49,999",0,,,,,,,,,False,,,,,,[],"[{'firstName': 'HUGO', 'middleName': 'J', 'lastName': 'DANNER', 'dateOfBirth': '11/12/1964', 'age': 56, 'gender': 'Male', 'maritalStatus': 'Single', 'memberCode': 'Primary Household Member'}, {'firstName': 'JENNY', 'middleName': 'P', 'lastName': 'EVERYWHERE', 'dateOfBirth': '11/10/1962', 'age': 57, 'gender': 'Female', 'maritalStatus': 'Married', 'memberCode': 'Primary Household Member'}]",, Danner,Hugo, 11/12/1964, Dallas, TX, 63724 Ramsey Way,75246,[],False
2,a2d94e05-e2eb-4ff9-aca9-62d2cbe1963c,heimdal_test_LifePrefill_service-000002,Success,Artificial match,SIBILLA,R,WARDLEY,09/01/1949,71,Female,Single,Primary Household Member,PO BOX 12112,VAIL,AZ,85641,PO Box,Definite Owner,20+ yrs,Unknown/No Data,1,True,False,False,False,1,False,0,0,0,0,0,0,0,['Gourmet Foods'],"$40,000 - $49,999",,"$75,000 - $99,999","$75,000 - $99,999","$20,000 - $24,999",0,,,,,,,,,False,,,,,,[],"[{'firstName': 'SIBILLA', 'middleName': 'R', 'lastName': 'WARDLEY', 'dateOfBirth': '09/01/1949', 'age': 71, 'gender': 'Female', 'maritalStatus': 'Single', 'memberCode': 'Primary Household Member'}]",, Wardley,Sibilla, 09/01/1949, Vail, AZ, PO BOX 12112,85641,[],False
3,2d0e8309-a792-4885-aa2d-3836367e5c97,heimdal_test_LifePrefill_service-000003,Success,Artificial match,OGGIE,J,JARREL,02/14/1951,70,Male,Married,Primary Household Member,826 KILDEER HL,DAYTON,OH,45419,Street Address,Definite Owner,11-15 yrs,Tradesman/Machine Oper / Laborer,1,True,False,False,False,2,False,0,0,0,0,0,0,0,"['Baking', 'Bird Feeding/Watching', 'Cooking', 'Crafts', 'Gardening', 'Photography', 'Quilting']","$50,000 - $74,999",,"$500,000 - $749,999","$250,000 - $499,999","$25,000 - $29,999",0,,,,,,,,,False,165,191,,,08/15/2008,"['Insurance', 'Investments', 'Stocks or Bonds']","[{'firstName': 'OGGIE', 'middleName': 'J', 'lastName': 'JARREL', 'dateOfBirth': '02/14/1951', 'age': 70, 'gender': 'Male', 'maritalStatus': 'Married', 'memberCode': 'Primary Household Member'}, {'firstName': 'WINNIE', 'middleName': 'L', 'lastName': 'JARREL', 'dateOfBirth': '03/27/1952', 'age': 68, 'gender': 'Female', 'maritalStatus': 'Married', 'memberCode': 'Other Household Members'}, {'firstName': 'LILLY', 'middleName': None, 'lastName': 'MCLINTOCK', 'dateOfBirth': '03/04/1972', 'age': 48, 'gender': 'Female', 'maritalStatus': 'Single', 'memberCode': 'Primary Household Member'}]",, Jarrel,Oggie, 02/14/1951, Dayton, OH, 826 Kildeer Hl,45419,[],False
4,eb1184b6-cfa6-4aae-8f98-cede6de20d32,heimdal_test_LifePrefill_service-000004,Success,Artificial match,WINNIE,L,JARREL,03/27/1952,69,Female,Married,Other Household Members,826 KILDEER HL,DAYTON,OH,45419,Street Address,Definite Owner,11-15 yrs,Tradesman/Machine Oper / Laborer,1,True,False,False,False,2,False,0,0,0,0,0,0,0,"['Baking', 'Bird Feeding/Watching', 'Cooking', 'Crafts', 'Gardening', 'Photography', 'Quilting']","$50,000 - $74,999",,"$500,000 - $749,999","$250,000 - $499,999","$25,000 - $29,999",0,,,,,,,,,False,165,191,,,08/15/2008,"['Insurance', 'Investments', 'Stocks or Bonds']","[{'firstName': 'WINNIE', 'middleName': 'L', 'lastName': 'JARREL', 'dateOfBirth': '03/27/1952', 'age': 69, 'gender': 'Female', 'maritalStatus': 'Married', 'memberCode': 'Other Household Members'}, {'firstName': 'OGGIE', 'middleName': 'J', 'lastName': 'JARREL', 'dateOfBirth': '02/14/1951', 'age': 69, 'gender': 'Male', 'maritalStatus': 'Married', 'memberCode': 'Primary Household Member'}, {'firstName': 'LILLY', 'middleName': None, 'lastName': 'MCLINTOCK', 'dateOfBirth': '03/04/1972', 'age': 48, 'gender': 'Female', 'maritalStatus': 'Single', 'memberCode': 'Primary Household Member'}]",, Jarrel,Winnie, 03/27/1952, Dayton, OH, 826 Kildeer Hl,45419,[],False
5,5ee49191-e698-4bfa-8399-1ff741f30ffa,heimdal_test_LifePrefill_service-000005,Success,Artificial match,LILLY,,MCLINTOCK,03/04/1972,49,Female,Single,Primary Household Member,826 KILDEER HL,DAYTON,OH,45419,Street Address,Probable Owner,16-20 yrs,Unknown/No Data,1,False,False,True,False,1,False,0,0,0,0,0,0,0,[],"$100,000 - $124,999",,"$75,000 - $99,999","$75,000 - $99,999","$15,000 - $19,999","$15,000 - $19,999",,,,,,,,,False,,,,,,[],"[{'firstName': 'LILLY', 'middleName': None, 'lastName': 'MCLINTOCK', 'dateOfBirth': '03/04/1972', 'age': 49, 'gender': 'Female', 'maritalStatus': 'Single', 'memberCode': 'Primary Household Member'}, {'firstName': 'OGGIE', 'middleName': 'J', 'lastName': 'JARREL', 'dateOfBirth': '02/14/1951', 'age': 69, 'gender': 'Male', 'maritalStatus': 'Married', 'memberCode': 'Primary Household Member'}, {'firstName': 'WINNIE', 'middleName': 'L', 'lastName': 'JARREL', 'dateOfBirth': '03/27/1952', 'age': 68, 'gender': 'Female', 'maritalStatus': 'Married', 'memberCode': 'Other Household Members'}]",, Mclintock,Lilly, 03/04/1972, Dayton, OH, 826 Kildeer Hl,45419,[],False
6,f169a898-0407-4c32-9bb5-d02e3e7f3302,heimdal_test_LifePrefill_service-000006,Success,Artificial match,FREIDA,T,MARCINKUS,12/11/1997,23,Female,Single,Other Household Members,4 KEDZIE POINT,CHARLOTTE,NC,28242,Street Address,Definite Owner,6-10 yrs,Unknown/No Data,1,False,False,True,False,3,True,0,0,0,0,0,0,0,[],"$200,000 - 249,999",,"$250,000 - $499,999","$150,000 - $199,999","$50,000 - $74,999",0,233,,233,,,,Federal Housing Authority,02/15/2015,False,259,295,88%,31,02/15/2015,[],"[{'firstName': 'FREIDA', 'middleName': 'T', 'lastName': 'MARCINKUS', 'dateOfBirth': '12/11/1997', 'age': 23, 'gender': 'Female', 'maritalStatus': 'Single', 'memberCode': 'Other Household Members'}, {'firstName': 'RAIMUND', 'middleName': 'A', 'lastName': 'MARCINKUS', 'dateOfBirth': '09/30/1975', 'age': 44, 'gender': 'Male', 'maritalStatus': 'Married', 'memberCode': 'Primary Household Member'}, {'firstName': 'NICOLE', 'middleName': 'L', 'lastName': 'VELAZQUEZ', 'dateOfBirth': '06/11/1977', 'age': 42, 'gender': 'Female', 'maritalStatus': 'Single', 'memberCode': 'Primary Household Member'}, {'firstName': 'FRIDA', 'middleName': 'T', 'lastName': 'MARCINKUS', 'dateOfBirth': '09/02/1962', 'age': 58, 'gender': 'Female', 'maritalStatus': 'Married', 'memberCode': 'Other Household Members'}]",, Marcinkus,Freida, 12/11/1997, Charlotte, NC, 4 Kedzie Point,28242,[],False
7,313bbe94-712f-4786-b398-f714d6fc6cfa,heimdal_test_LifePrefill_service-000007,Success,Artificial match,RAIMUND,A,MARCINKUS,09/30/1975,45,Male,Married,Primary Household Member,4 KEDZIE POINT,CHARLOTTE,NC,28242,Street Address,Definite Owner,6-10 yrs,Unknown/No Data,1,False,False,True,False,3,True,0,0,0,0,0,0,0,[],"$200,000 - 249,999",,"$250,000 - $499,999","$150,000 - $199,999","$50,000 - $74,999",0,233,,233,,,,Federal Housing Authority,02/15/2015,False,259,295,88%,31,02/15/2015,[],"[{'firstName': 'RAIMUND', 'middleName': 'A', 'lastName': 'MARCINKUS', 'dateOfBirth': '09/30/1975', 'age': 45, 'gender': 'Male', 'maritalStatus': 'Married', 'memberCode': 'Primary Household Member'}, {'firstName': 'FREIDA', 'middleName': 'T', 'lastName': 'MARCINKUS', 'dateOfBirth': '12/11/1997', 'age': 22, 'gender': 'Female', 'maritalStatus': 'Single', 'memberCode': 'Other Household Members'}, {'firstName': 'NICOLE', 'middleName': 'L', 'lastName': 'VELAZQUEZ', 'dateOfBirth': '06/11/1977', 'age': 42, 'gender': 'Female', 'maritalStatus': 'Single', 'memberCode': 'Primary Household Member'}, {'firstName': 'FRIDA', 'middleName': 'T', 'lastName': 'MARCINKUS', 'dateOfBirth': '09/02/1962', 'age': 58, 'gender': 'Female', 'maritalStatus': 'Married', 'memberCode': 'Other Household Members'}]",, Marcinkus,Raimund, 09/30/1975, Charlotte, NC, 4 Kedzie Point,28242,[],False
8,92c824fa-32e6-49e6-9b67-333706706304,heimdal_test_LifePrefill_service-000008,Success,Artificial match,NICOLE,L,VELAZQUEZ,06/11/1977,44,Female,Single,Primary Household Member,4 KEDZIE POINT,CHARLOTTE,NC,28242,Street Address,Probable Owner,6-10 yrs,Unknown/No Data,2,False,False,False,False,1,True,1,0,1,0,0,0,0,[],"$175,000 - 199,999",,"$100,000 - $249,999","$100,000 - $149,999","$20,000 - $24,999",0,,,,,,,,,False,,,,,,[],"[{'firstName': 'NICOLE', 'middleName': 'L', 'lastName': 'VELAZQUEZ', 'dateOfBirth': '06/11/1977', 'age': 44, 'gender': 'Female', 'maritalStatus': 'Single', 'memberCode': 'Primary Household Member'}, {'firstName': 'FREIDA', 'middleName': 'T', 'lastName': 'MARCINKUS', 'dateOfBirth': '12/11/1997', 'age': 22, 'gender': 'Female', 'maritalStatus': 'Single', 'memberCode': 'Other Household Members'}, {'firstName': 'RAIMUND', 'middleName': 'A', 'lastName': 'MARCINKUS', 'dateOfBirth': '09/30/1975', 'age': 44, 'gender': 'Male', 'maritalStatus': 'Married', 'memberCode': 'Primary Household Member'}, {'firstName': 'FRIDA', 'middleName': 'T', 'lastName': 'MARCINKUS', 'dateOfBirth': '09/02/1962', 'age': 58, 'gender': 'Female', 'maritalStatus': 'Married', 'memberCode': 'Other Household Members'}]",, Velazquez,Nicole, 06/11/1977, Charlotte, NC, 4 Kedzie Point,28242,[],False
9,a1554531-ce43-4f1a-8675-e1bcef7e0d2a,heimdal_test_LifePrefill_service-000009,Success,Artificial match,FRIDA,T,MARCINKUS,12/11/1999,21,Female,Married,Other Household Members,4 KEDZIE POINT,CHARLOTTE,NC,28242,Street Address,Definite Owner,6-10 yrs,Unknown/No Data,1,False,False,True,False,3,True,0,0,0,0,0,0,0,[],"$200,000 - 249,999",,"$250,000 - $499,999","$150,000 - $199,999","$50,000 - $74,999",0,233,,233,,,,Federal Housing Authority,02/15/2015,False,259,295,88%,31,02/15/2015,[],"[{'firstName': 'FRIDA', 'middleName': 'T', 'lastName': 'MARCINKUS', 'dateOfBirth': '12/11/1999', 'age': 21, 'gender': 'Female', 'maritalStatus': 'Married', 'memberCode': 'Other Household Members'}, {'firstName': 'FREIDA', 'middleName': 'T', 'lastName': 'MARCINKUS', 'dateOfBirth': '12/11/1997', 'age': 22, 'gender': 'Female', 'maritalStatus': 'Single', 'memberCode': 'Other Household Members'}, {'firstName': 'RAIMUND', 'middleName': 'A', 'lastName': 'MARCINKUS', 'dateOfBirth': '09/30/1975', 'age': 44, 'gender': 'Male', 'maritalStatus': 'Married', 'memberCode': 'Primary Household Member'}, {'firstName': 'NICOLE', 'middleName': 'L', 'lastName': 'VELAZQUEZ', 'dateOfBirth': '06/11/1977', 'age': 42, 'gender': 'Female', 'maritalStatus': 'Single', 'memberCode': 'Primary Household Member'}]",, Marcinkus,Frida, 12/11/1999, Charlotte, NC, 4 Kedzie Point,28242,[],False
10,92e6b951-f7d7-4c10-9e9e-c9bc9488cc4f,heimdal_test_LifePrefill_service-000010,Success,Artificial match,LORALIE,U,HUARD,03/06/1980,41,Female,Single,Other Household Members,86 LONDONDERRY TERRACE,PASADENA,CA,91125,Street Address,Definite Owner,11-15 yrs,Business Owner,3,False,False,True,False,5,True,2,1,0,0,1,1,-1,[],"$125,000 - $149,999",,"$750,000 - $999,999","$500,000 or more","$100,000 or more",0,,,,,,,,,False,,,,,,[],"[{'firstName': 'LORALIE', 'middleName': 'U', 'lastName': 'HUARD', 'dateOfBirth': '03/06/1980', 'age': 41, 'gender': 'Female', 'maritalStatus': 'Single', 'memberCode': 'Other Household Members'}, {'firstName': 'YAJEE', 'middleName': 'J', 'lastName': 'HUARD', 'dateOfBirth': None, 'age': None, 'gender': 'Female', 'maritalStatus': 'Single', 'memberCode': 'Other Household Members'}, {'firstName': 'MOHAMMED', 'middleName': 'M', 'lastName': 'HUARD', 'dateOfBirth': '09/01/1937', 'age': 82, 'gender': 'Male', 'maritalStatus': 'Married', 'memberCode': 'Primary Household Member'}, {'firstName': 'TERESSA', 'middleName': 'S', 'lastName': 'HUARD', 'dateOfBirth': '02/01/1977', 'age': 43, 'gender': 'Female', 'maritalStatus': 'Married', 'memberCode': 'Other Household Members'}, {'firstName': 'JUNE', 'middleName': 'M', 'lastName': 'HUARD', 'dateOfBirth': '09/07/1967', 'age': 52, 'gender': 'Female', 'maritalStatus': 'Single', 'memberCode': 'Other Household Members'}]",, Huard,Loralie, 03/06/1980, Pasadena, CA, 86 Londonderry Terrace,91125,[],False
11,bf93a17e-c3ab-457d-ae67-78a14d1b19b0,heimdal_test_LifePrefill_service-000011,Success,Artificial match,YAJEE,J,HUARD,07/04/1985,35,Female,Single,Other Household Members,86 LONDONDERRY TERRACE,PASADENA,CA,91125,Street Address,Definite Owner,11-15 yrs,Business Owner,3,False,False,True,False,5,True,2,1,0,0,1,1,-1,[],"$125,000 - $149,999",,"$750,000 - $999,999","$500,000 or more","$100,000 or more",0,,,,,,,,,False,,,,,,[],"[{'firstName': 'YAJEE', 'middleName': 'J', 'lastName': 'HUARD', 'dateOfBirth': '07/04/1985', 'age': 35, 'gender': 'Female', 'maritalStatus': 'Single', 'memberCode': 'Other Household Members'}, {'firstName': 'LORALIE', 'middleName': 'U', 'lastName': 'HUARD', 'dateOfBirth': None, 'age': None, 'gender': 'Female', 'maritalStatus': 'Single', 'memberCode': 'Other Household Members'}, {'firstName': 'MOHAMMED', 'middleName': 'M', 'lastName': 'HUARD', 'dateOfBirth': '09/01/1937', 'age': 82, 'gender': 'Male', 'maritalStatus': 'Married', 'memberCode': 'Primary Household Member'}, {'firstName': 'TERESSA', 'middleName': 'S', 'lastName': 'HUARD', 'dateOfBirth': '02/01/1977', 'age': 43, 'gender': 'Female', 'maritalStatus': 'Married', 'memberCode': 'Other Household Members'}, {'firstName': 'JUNE', 'middleName': 'M', 'lastName': 'HUARD', 'dateOfBirth': '09/07/1967', 'age': 52, 'gender': 'Female', 'maritalStatus': 'Single', 'memberCode': 'Other Household Members'}]",, Huard,Yajee, 07/04/1985, Pasadena, CA, 86 Londonderry Terrace,91125,[],False
12,af3ffab4-835d-4b36-b1ff-bac386a922d5,heimdal_test_LifePrefill_service-000012,Success,Artificial match,MOHAMMED,M,HUARD,09/01/1937,83,Male,Married,Primary Household Member,86 LONDONDERRY TERRACE,PASADENA,CA,91125,Street Address,Definite Owner,11-15 yrs,Business Owner,3,False,False,True,False,5,True,2,1,0,0,1,1,-1,[],"$125,000 - $149,999",,"$750,000 - $999,999","$500,000 or more","$100,000 or more",0,,,,,,,,,False,,,,,,[],"[{'firstName': 'MOHAMMED', 'middleName': 'M', 'lastName': 'HUARD', 'dateOfBirth': '09/01/1937', 'age': 83, 'gender': 'Male', 'maritalStatus': 'Married', 'memberCode': 'Primary Household Member'}, {'firstName': 'LORALIE', 'middleName': 'U', 'lastName': 'HUARD', 'dateOfBirth': None, 'age': None, 'gender': 'Female', 'maritalStatus': 'Single', 'memberCode': 'Other Household Members'}, {'firstName': 'YAJEE', 'middleName': 'J', 'lastName': 'HUARD', 'dateOfBirth': None, 'age': None, 'gender': 'Female', 'maritalStatus': 'Single', 'memberCode': 'Other Household Members'}, {'firstName': 'TERESSA', 'middleName': 'S', 'lastName': 'HUARD', 'dateOfBirth': '02/01/1977', 'age': 43, 'gender': 'Female', 'maritalStatus': 'Married', 'memberCode': 'Other Household Members'}, {'firstName': 'JUNE', 'middleName': 'M', 'lastName': 'HUARD', 'dateOfBirth': '09/07/1967', 'age': 52, 'gender': 'Female', 'maritalStatus': 'Single', 'memberCode': 'Other Household Members'}]",, Huard,Mohammed, 09/01/1937, Pasadena, CA, 86 Londonderry Terrace,91125,[],False
13,ffe55283-4de9-4025-b341-9dc48f38b904,heimdal_test_LifePrefill_service-000013,Success,Artificial match,TERESSA,S,HUARD,02/01/1977,44,Female,Married,Other Household Members,86 LONDONDERRY TERRACE,PASADENA,CA,91125,Street Address,Definite Owner,11-15 yrs,Business Owner,3,False,False,True,False,5,True,2,1,0,0,1,1,-1,[],"$125,000 - $149,999",,"$750,000 - $999,999","$500,000 or more","$100,000 or more",0,,,,,,,,,False,,,,,,[],"[{'firstName': 'TERESSA', 'middleName': 'S', 'lastName': 'HUARD', 'dateOfBirth': '02/01/1977', 'age': 44, 'gender': 'Female', 'maritalStatus': 'Married', 'memberCode': 'Other Household Members'}, {'firstName': 'LORALIE', 'middleName': 'U', 'lastName': 'HUARD', 'dateOfBirth': None, 'age': None, 'gender': 'Female', 'maritalStatus': 'Single', 'memberCode': 'Other Household Members'}, {'firstName': 'YAJEE', 'middleName': 'J', 'lastName': 'HUARD', 'dateOfBirth': None, 'age': None, 'gender': 'Female', 'maritalStatus': 'Single', 'memberCode': 'Other Household Members'}, {'firstName': 'MOHAMMED', 'middleName': 'M', 'lastName': 'HUARD', 'dateOfBirth': '09/01/1937', 'age': 82, 'gender': 'Male', 'maritalStatus': 'Married', 'memberCode': 'Primary Household Member'}, {'firstName': 'JUNE', 'middleName': 'M', 'lastName': 'HUARD', 'dateOfBirth': '09/07/1967', 'age': 52, 'gender': 'Female', 'maritalStatus': 'Single', 'memberCode': 'Other Household Members'}]",, Huard,Teressa, 02/01/1977, Pasadena, CA, 86 Londonderry Terrace,91125,[],False
14,0b65ccc5-bec5-4431-b97a-fe37c199a67c,heimdal_test_LifePrefill_service-000014,Success,Artificial match,JUNE,M,HUARD,09/07/1967,53,Female,Single,Other Household Members,86 LONDONDERRY TERRACE,PASADENA,CA,91125,Street Address,Definite Owner,11-15 yrs,Business Owner,3,False,False,True,False,5,True,2,1,0,0,1,1,-1,[],"$125,000 - $149,999",,"$750,000 - $999,999","$500,000 or more","$100,000 or more",0,,,,,,,,,False,,,,,,[],"[{'firstName': 'JUNE', 'middleName': 'M', 'lastName': 'HUARD', 'dateOfBirth': '09/07/1967', 'age': 53, 'gender': 'Female', 'maritalStatus': 'Single', 'memberCode': 'Other Household Members'}, {'firstName': 'LORALIE', 'middleName': 'U', 'lastName': 'HUARD', 'dateOfBirth': None, 'age': None, 'gender': 'Female', 'maritalStatus': 'Single', 'memberCode': 'Other Household Members'}, {'firstName': 'YAJEE', 'middleName': 'J', 'lastName': 'HUARD', 'dateOfBirth': None, 'age': None, 'gender': 'Female', 'maritalStatus': 'Single', 'memberCode': 'Other Household Members'}, {'firstName': 'MOHAMMED', 'middleName': 'M', 'lastName': 'HUARD', 'dateOfBirth': '09/01/1937', 'age': 82, 'gender': 'Male', 'maritalStatus': 'Married', 'memberCode': 'Primary Household Member'}, {'firstName': 'TERESSA', 'middleName': 'S', 'lastName': 'HUARD', 'dateOfBirth': '02/01/1977', 'age': 43, 'gender': 'Female', 'maritalStatus': 'Married', 'memberCode': 'Other Household Members'}]",, Huard,June, 09/07/1967, Pasadena, CA, 86 Londonderry Terrace,91125,[],False
15,419f6950-2e6f-4476-b4c8-dd59d68c2d55,heimdal_test_LifePrefill_service-000015,Success,Artificial match,BARTON,L,CRUMBIE,06/01/1975,46,Male,Single,Primary Household Member,6263 CHARING CROSS CT,FORT WORTH,TX,76147,Street Address,Probable Owner,11-15 yrs,Unknown/No Data,1,False,False,True,False,1,False,0,0,0,0,0,0,0,[],"$40,000 - $49,999",,"Less than $25,000","Less than $4,999",Less than $500,"$20,000 - $29,999",,,,,,,,,False,,,,,,[],"[{'firstName': 'BARTON', 'middleName': 'L', 'lastName': 'CRUMBIE', 'dateOfBirth': '06/01/1975', 'age': 46, 'gender': 'Male', 'maritalStatus': 'Single', 'memberCode': 'Primary Household Member'}]",, Crumbie,Barton, 06/01/1975, Fort Worth, TX, 6263 Charing Cross Ct,76147,[],False
16,76b0d11c-f8f5-4fff-8ca0-6168512643ab,heimdal_test_LifePrefill_service-000016,Success,Artificial match,MAUDIE,R,PAPAMINAS,11/26/1981,39,Female,Single,Primary Household Member,956 OAKRIDGE CIRCLE,PITTSBURGH,PA,15235,Street Address,Definite Owner,3-5 yrs,Unknown/No Data,2,False,False,False,True,1,True,2,0,1,1,0,0,0,[],"$40,000 - $49,999",,"Less than $25,000","$5,000 - $14,999","$500 - $2,499","$20,000 - $29,999",,,,,,,,,False,18,66,,,10/15/2014,[],"[{'firstName': 'MAUDIE', 'middleName': 'R', 'lastName': 'PAPAMINAS', 'dateOfBirth': '11/26/1981', 'age': 39, 'gender': 'Female', 'maritalStatus': 'Single', 'memberCode': 'Primary Household Member'}]",, Papaminas,Maudie, 11/26/1981, Pittsburgh, PA, 956 Oakridge Circle,15235,[],False
17,8a4dce6e-44e2-4681-b182-180f80a9b69e,heimdal_test_LifePrefill_service-000017,Success,Artificial match,JULIANN,,OULNER,02/21/1990,31,Female,Single,Primary Household Member,98301 FARMCO DRIVE,MIAMI,FL,33124,Street Address,Probable Owner,3-5 yrs,Unknown/No Data,1,False,False,False,True,1,False,0,0,0,0,0,0,0,[],"$100,000 - $124,999",,"$100,000 - $249,999","$100,000 - $149,999","$40,000 - $49,999","$2,500 - $4,999",,,,,,,,,False,,,,,,[],"[{'firstName': 'JULIANN', 'middleName': None, 'lastName': 'OULNER', 'dateOfBirth': '02/21/1990', 'age': 31, 'gender': 'Female', 'maritalStatus': 'Single', 'memberCode': 'Primary Household Member'}]",, Oulner,Juliann, 02/21/1990, Miami, FL, 98301 Farmco Drive,33124,[],False
18,e58f7028-af77-4385-89b9-763fca80706e,heimdal_test_LifePrefill_service-000018,Success,Artificial match,GUY,I,KLEINERT,06/01/1985,36,Unknown,Single,Primary Household Member,9 BARTELT PKWY,DENVER,CO,80279,Street Address,Probable Renter,3-5 yrs,Unknown/No Data,1,False,False,False,True,1,False,0,0,0,0,0,0,0,[],"$15,000 - $19,999",,"Less than $25,000",No Investment,Less than $500,"$15,000 - $19,999",,,,,,,,,False,,,,,,[],"[{'firstName': 'GUY', 'middleName': 'I', 'lastName': 'KLEINERT', 'dateOfBirth': '06/01/1985', 'age': 36, 'gender': 'Unknown', 'maritalStatus': 'Single', 'memberCode': 'Primary Household Member'}]",, Kleinert,Guy, 06/01/1985, Denver, CO, 9 Bartelt Parkway,80279,[],False
19,014f4674-08c0-4719-bff8-c78899a452e3,heimdal_test_LifePrefill_service-000019,Success,Artificial match,TINA,B,CHANTRELL,10/01/1985,35,Female,Married,Primary Household Member,PO BOX 72059,PORT WASHINGTON,NY,11054,PO Box,Definite Renter,6-10 yrs,Professional/Technical,2,False,False,False,True,2,True,1,0,0,1,0,0,0,['Wine'],"$100,000 - $124,999",,"$25,000 - $49,999","$50,000 - $74,999","$5,000 - $7,499","$15,000 - $19,999",,,,,,,,,False,,,,,,[],"[{'firstName': 'TINA', 'middleName': 'B', 'lastName': 'CHANTRELL', 'dateOfBirth': '10/01/1985', 'age': 35, 'gender': 'Female', 'maritalStatus': 'Married', 'memberCode': 'Primary Household Member'}, {'firstName': 'AUGUSTINE', 'middleName': 'W', 'lastName': 'CHANTRELL', 'dateOfBirth': '04/02/1984', 'age': 36, 'gender': 'Male', 'maritalStatus': 'Married', 'memberCode': 'Other Household Members'}]",, Chantrell,Tina, 10/01/1985, Port Washington, NY, PO BOX 72059,11054,[],False
20,e27fea77-5267-4b93-a44c-1a960af9286b,heimdal_test_LifePrefill_service-000020,Success,Artificial match,AUGUSTINE,W,CHANTRELL,04/02/1984,37,Male,Married,Other Household Members,PO BOX 72059,PORT WASHINGTON,NY,11054,PO Box,Definite Renter,6-10 yrs,Professional/Technical,2,False,False,False,True,2,True,1,0,0,1,0,0,0,['Wine'],"$100,000 - $124,999",,"$25,000 - $49,999","$50,000 - $74,999","$5,000 - $7,499","$15,000 - $19,999",,,,,,,,,False,,,,,,[],"[{'firstName': 'AUGUSTINE', 'middleName': 'W', 'lastName': 'CHANTRELL', 'dateOfBirth': '04/02/1984', 'age': 37, 'gender': 'Male', 'maritalStatus': 'Married', 'memberCode': 'Other Household Members'}, {'firstName': 'TINA', 'middleName': 'B', 'lastName': 'CHANTRELL', 'dateOfBirth': '10/01/1985', 'age': 34, 'gender': 'Female', 'maritalStatus': 'Married', 'memberCode': 'Primary Household Member'}]",, Chantrell,Augustine, 04/02/1984, Port Washington, NY, PO BOX 72059,11054,[],False
21,28afc1cb-2dd0-44ac-a8f8-12be295bd421,heimdal_test_LifePrefill_service-000021,Success,Artificial match,EDWARD,I,THOMKE,06/04/1960,61,Male,Married,Primary Household Member,0722 WAUBESA TRL,ROCHESTER,NY,14624,Street Address,Definite Owner,20+ yrs,Other,2,True,False,False,False,2,True,1,0,0,0,1,1,-1,[],"$125,000 - $149,999",,"$750,000 - $999,999","$500,000 or more","$100,000 or more","$1 - $2,499",,,,,,,,,False,,,,,,[],"[{'firstName': 'EDWARD', 'middleName': 'I', 'lastName': 'THOMKE', 'dateOfBirth': '06/04/1960', 'age': 61, 'gender': 'Male', 'maritalStatus': 'Married', 'memberCode': 'Primary Household Member'}, {'firstName': 'ELNA', 'middleName': 'T', 'lastName': 'THOMKE', 'dateOfBirth': '12/09/1962', 'age': 57, 'gender': 'Female', 'maritalStatus': 'Married', 'memberCode': 'Other Household Members'}]",, Thomke,Edward, 06/04/1960, Rochester, NY, 0722 Waubesa Trl,14624,[],False
22,d3c96ff8-6143-46a2-a345-6ff2d3d926ee,heimdal_test_LifePrefill_service-000022,Success,Artificial match,ELNA,T,THOMKE,12/09/1962,58,Female,Married,Other Household Members,0722 WAUBESA TRL,ROCHESTER,NY,14624,Street Address,Definite Owner,20+ yrs,Other,2,True,False,False,False,2,True,1,0,0,0,1,1,-1,[],"$125,000 - $149,999",,"$750,000 - $999,999","$500,000 or more","$100,000 or more","$1 - $2,499",,,,,,,,,False,,,,,,[],"[{'firstName': 'EDWARD', 'middleName': 'I', 'lastName': 'THOMKE', 'dateOfBirth': '12/09/1962', 'age': 58, 'gender': 'Male', 'maritalStatus': 'Married', 'memberCode': 'Primary Household Member'}, {'firstName': 'ELNA', 'middleName': 'T', 'lastName': 'THOMKE', 'dateOfBirth': '12/09/1962', 'age': 57, 'gender': 'Female', 'maritalStatus': 'Married', 'memberCode': 'Other Household Members'}]",, Thomke,Elna, 12/09/1962, Rochester, NY, 0722 Waubesa Trail,14624,[],False
23,c982357a-5753-4358-a8bc-769d4a528d4a,heimdal_test_LifePrefill_service-000023,Success,Artificial match,RED,A,RENACHOWSKI,09/09/1976,44,Male,Married,Primary Household Member,77 CHINOOK PT,VIRGINIA BEACH,VA,23454,Street Address,Definite Owner,0-6 mos.,Unknown/No Data,1,False,True,True,True,2,True,0,0,0,0,0,0,0,[],"$250,000 or More",,"$500,000 - $749,999","$500,000 or more","$100,000 or more","$30,000 - $49,999",1520,,1520,,,,Conventional,09/15/2019,False,1950,,73%,558,09/15/2019,[],"[{'firstName': 'RED', 'middleName': 'A', 'lastName': 'RENACHOWSKI', 'dateOfBirth': '09/09/1976', 'age': 44, 'gender': 'Male', 'maritalStatus': 'Married', 'memberCode': 'Primary Household Member'}, {'firstName': 'RUBI', 'middleName': 'L', 'lastName': 'RENACHOWSKI', 'dateOfBirth': '02/07/1986', 'age': 34, 'gender': 'Female', 'maritalStatus': 'Married', 'memberCode': 'Other Household Members'}]",, Renachowski,Red, 09/09/1976, Virginia Beach, VA, 77 Chinook Pt,23454,[],False
24,3d469eea-7cc2-4552-86de-acca50995e4c,heimdal_test_LifePrefill_service-000024,Success,Artificial match,RUBI,L,RENACHOWSKI,02/07/1986,35,Female,Married,Other Household Members,77 CHINOOK PT,VIRGINIA BEACH,VA,23454,Street Address,Definite Owner,0-6 mos.,Unknown/No Data,1,False,True,True,True,2,True,0,0,0,0,0,0,0,[],"$250,000 or More",,"$500,000 - $749,999","$500,000 or more","$100,000 or more","$30,000 - $49,999",1520,,1520,,,,Conventional,09/15/2019,False,1950,,73%,558,09/15/2019,[],"[{'firstName': 'RUBI', 'middleName': 'L', 'lastName': 'RENACHOWSKI', 'dateOfBirth': '02/07/1986', 'age': 35, 'gender': 'Female', 'maritalStatus': 'Married', 'memberCode': 'Other Household Members'}, {'firstName': 'RED', 'middleName': 'A', 'lastName': 'RENACHOWSKI', 'dateOfBirth': '09/09/1976', 'age': 43, 'gender': 'Male', 'maritalStatus': 'Married', 'memberCode': 'Primary Household Member'}]",, Renachowski,Rubi, 02/07/1986, Virginia Beach, VA, 77 Chinook Pt,23454,[],False
25,7f19344f-d4e0-44ce-8459-a9cfa3ce1f78,heimdal_test_LifePrefill_service-000025,Success,Artificial match,ROBERT,T,SMITH,07/03/1963,57,Male,Married,Other Household Members,380 MORROW TER,LONGMONT,CO,80503,Street Address,Definite Owner,20+ yrs,Unknown/No Data,2,True,False,False,True,3,False,0,0,0,0,0,0,0,"['Cooking', 'Crafts', 'Gardening', 'Gourmet Foods']","$250,000 or More",,"$2,000,000 or more","$500,000 or more","$100,000 or more","$5,000 - $9,999",,113,130,113,5.72%,Fixed Rate Loan,Conventional,07/15/2009,True,358,560,57%,186,06/15/2004,[],"[{'firstName': 'ROBERT', 'middleName': 'T', 'lastName': 'SMITH', 'dateOfBirth': '07/03/1963', 'age': 57, 'gender': 'Male', 'maritalStatus': 'Married', 'memberCode': 'Other Household Members'}, {'firstName': 'ROBERT', 'middleName': 'H', 'lastName': 'SMITH', 'dateOfBirth': None, 'age': None, 'gender': 'Male', 'maritalStatus': 'Single', 'memberCode': 'Primary Household Member'}]",, Smith,Robert, 07/03/1963, Longmont, CO, 380 Morrow Terrace,80503,[],False
26,bc25b527-7539-425f-bba5-548fe449a4af,heimdal_test_LifePrefill_service-000026,Success,Artificial match,CHRIS,,AUTTERSON,09/09/1960,60,Female,Married,Primary Household Member,1295 BETTY LANE,AUSTIN,TX,73301,Street Address,Definite Owner,11-15 yrs,Homemaker,2,False,False,True,False,2,True,4,1,2,1,1,0,-1,"['Baking', 'Contests/Sweepstakes', 'Cooking', 'Crafts', 'Gardening', 'Photography']","$40,000 - $49,999",,"Less than $25,000","$5,000 - $14,999",Less than $500,"$5,000 - $9,999",,,,,,,,,False,,,,,,[],"[{'firstName': 'CHRIS', 'middleName': None, 'lastName': 'AUTTERSON', 'dateOfBirth': '09/09/1960', 'age': 60, 'gender': 'Female', 'maritalStatus': 'Married', 'memberCode': 'Primary Household Member'}, {'firstName': 'SHERI', 'middleName': None, 'lastName': 'AUTTERSON', 'dateOfBirth': '08/24/1968', 'age': 51, 'gender': 'Female', 'maritalStatus': 'Single', 'memberCode': 'Other Household Members'}, {'firstName': 'TYRONE', 'middleName': 'K', 'lastName': 'WESTGARTH', 'dateOfBirth': '04/10/1993', 'age': 27, 'gender': 'Male', 'maritalStatus': 'Single', 'memberCode': 'Primary Household Member'}, {'firstName': 'CARISSA', 'middleName': 'E', 'lastName': 'SHARMA', 'dateOfBirth': '04/23/1983', 'age': 37, 'gender': 'Female', 'maritalStatus': 'Single', 'memberCode': 'Primary Household Member'}]",, Autterson,Chris, 09/09/1960, Austin, TX, 1295 Betty Lane,73301,[],False
27,0e0236b3-d882-487d-9812-df7d1de7cee8,heimdal_test_LifePrefill_service-000027,Success,Artificial match,SHERI,,AUTTERSON,08/24/1968,52,Female,Single,Other Household Members,1295 BETTY LANE,AUSTIN,TX,73301,Street Address,Definite Owner,11-15 yrs,Homemaker,2,False,False,True,False,2,True,4,1,2,1,1,0,-1,"['Baking', 'Contests/Sweepstakes', 'Cooking', 'Crafts', 'Gardening', 'Photography']","$40,000 - $49,999",,"Less than $25,000","$5,000 - $14,999",Less than $500,"$5,000 - $9,999",,,,,,,,,False,,,,,,[],"[{'firstName': 'SHERI', 'middleName': None, 'lastName': 'AUTTERSON', 'dateOfBirth': '08/24/1968', 'age': 52, 'gender': 'Female', 'maritalStatus': 'Single', 'memberCode': 'Other Household Members'}, {'firstName': 'CHRIS', 'middleName': None, 'lastName': 'AUTTERSON', 'dateOfBirth': '09/09/1960', 'age': 59, 'gender': 'Female', 'maritalStatus': 'Married', 'memberCode': 'Primary Household Member'}, {'firstName': 'TYRONE', 'middleName': 'K', 'lastName': 'WESTGARTH', 'dateOfBirth': '04/10/1993', 'age': 27, 'gender': 'Male', 'maritalStatus': 'Single', 'memberCode': 'Primary Household Member'}, {'firstName': 'CARISSA', 'middleName': 'E', 'lastName': 'SHARMA', 'dateOfBirth': '04/23/1983', 'age': 37, 'gender': 'Female', 'maritalStatus': 'Single', 'memberCode': 'Primary Household Member'}]",, Autterson,Sheri, 08/24/1968, Austin, TX, 1295 Betty Lane,73301,[],False
28,c6972076-879f-473d-b4e8-02e423dcd508,heimdal_test_LifePrefill_service-000028,Success,Artificial match,TYRONE,K,WESTGARTH,04/10/1993,28,Male,Single,Primary Household Member,1295 BETTY LANE,AUSTIN,TX,73301,Street Address,Definite Owner,16-20 yrs,Unknown/No Data,1,False,False,True,False,1,False,0,0,0,0,0,0,0,[],"$50,000 - $74,999",,"$50,000 - $74,999","$5,000 - $14,999","$500 - $2,499","$30,000 - $49,999",,,70,,,Fixed Rate Loan,Conventional,04/15/2016,True,200,280,30%,161,02/15/2004,[],"[{'firstName': 'TYRONE', 'middleName': 'K', 'lastName': 'WESTGARTH', 'dateOfBirth': '04/10/1993', 'age': 28, 'gender': 'Male', 'maritalStatus': 'Single', 'memberCode': 'Primary Household Member'}, {'firstName': 'CHRIS', 'middleName': None, 'lastName': 'AUTTERSON', 'dateOfBirth': '09/09/1960', 'age': 59, 'gender': 'Female', 'maritalStatus': 'Married', 'memberCode': 'Primary Household Member'}, {'firstName': 'SHERI', 'middleName': None, 'lastName': 'AUTTERSON', 'dateOfBirth': '08/24/1968', 'age': 51, 'gender': 'Female', 'maritalStatus': 'Single', 'memberCode': 'Other Household Members'}, {'firstName': 'CARISSA', 'middleName': 'E', 'lastName': 'SHARMA', 'dateOfBirth': '04/23/1983', 'age': 37, 'gender': 'Female', 'maritalStatus': 'Single', 'memberCode': 'Primary Household Member'}]",, Westgarth,Tyrone, 04/10/1993, Austin, TX, 1295 Betty Lane,73301,[],False
29,9ee30f97-d1e6-47ec-8d37-da17f18efe82,heimdal_test_LifePrefill_service-000029,Success,Artificial match,CARISSA,E,SHARMA,04/23/1983,38,Female,Single,Primary Household Member,1295 BETTY LANE,AUSTIN,TX,73301,Street Address,Probable Owner,6-10 yrs,Unknown/No Data,1,False,False,False,False,1,False,0,0,0,0,0,0,0,[],"$40,000 - $49,999",,"Less than $25,000",No Investment,Less than $500,"$30,000 - $49,999",,,,,,,,,False,,,,,,[],"[{'firstName': 'CARISSA', 'middleName': 'E', 'lastName': 'SHARMA', 'dateOfBirth': '04/23/1983', 'age': 38, 'gender': 'Female', 'maritalStatus': 'Single', 'memberCode': 'Primary Household Member'}, {'firstName': 'CHRIS', 'middleName': None, 'lastName': 'AUTTERSON', 'dateOfBirth': '09/09/1960', 'age': 59, 'gender': 'Female', 'maritalStatus': 'Married', 'memberCode': 'Primary Household Member'}, {'firstName': 'SHERI', 'middleName': None, 'lastName': 'AUTTERSON', 'dateOfBirth': '08/24/1968', 'age': 51, 'gender': 'Female', 'maritalStatus': 'Single', 'memberCode': 'Other Household Members'}, {'firstName': 'TYRONE', 'middleName': 'K', 'lastName': 'WESTGARTH', 'dateOfBirth': '04/10/1993', 'age': 27, 'gender': 'Male', 'maritalStatus': 'Single', 'memberCode': 'Primary Household Member'}]",, Sharma,Carissa, 04/23/1983, Austin, TX, 1295 Betty Lane,73301,[],False
30,d260aa77-8683-40d2-91fc-824b95132f36,heimdal_test_LifePrefill_service-000030,Success,Artificial match,JEFFERSON,S,SMITH,07/25/1975,45,Male,Single,Primary Household Member,55 MAIN ST,DALLAS,TX,75204,Street Address,Definite Owner,11-15 yrs,Tradesman/Machine Oper / Laborer,1,False,False,True,False,1,False,0,0,0,0,0,0,0,"['Automotive Work', 'Cooking', 'Gourmet Foods']","$50,000 - $74,999",,"$25,000 - $49,999","$150,000 - $199,999","$5,000 - $7,499","$15,000 - $19,999",,,110,,,,Federal Housing Authority,09/15/2015,True,135,109,126%,,02/15/2007,"['Insurance', 'Investments', 'Life Insurance', 'Medicare Coverage']","[{'firstName': 'JEFFERSON', 'middleName': 'S', 'lastName': 'SMITH', 'dateOfBirth': '07/25/1975', 'age': 45, 'gender': 'Male', 'maritalStatus': 'Single', 'memberCode': 'Primary Household Member'}, {'firstName': 'JENET', 'middleName': 'K', 'lastName': 'KENNEDY', 'dateOfBirth': '06/25/1975', 'age': 45, 'gender': 'Female', 'maritalStatus': 'Single', 'memberCode': 'Primary Household Member'}]",, Smith,Jefferson, 07/25/1975, Dallas, TX, 55 Main St,75204,[],False
31,b1ce42bf-b0bb-4a4d-82d9-25bd701baeca,heimdal_test_LifePrefill_service-000031,Success,Artificial match,JENET,K,KENNEDY,06/25/1975,45,Female,Single,Primary Household Member,55 MAIN ST,DALLAS,TX,75204,Street Address,Probable Owner,6-10 yrs,Unknown/No Data,1,False,False,False,False,1,False,0,0,0,0,0,0,0,[],"$20,000 - $29,999",,"Less than $25,000","$5,000 - $14,999","$500 - $2,499",0,,,,,,,,,False,,,,,,[],"[{'firstName': 'JENET', 'middleName': 'K', 'lastName': 'KENNEDY', 'dateOfBirth': '06/25/1975', 'age': 45, 'gender': 'Female', 'maritalStatus': 'Single', 'memberCode': 'Primary Household Member'}, {'firstName': 'JEFFERSON', 'middleName': 'S', 'lastName': 'SMITH', 'dateOfBirth': '07/25/1975', 'age': 45, 'gender': 'Male', 'maritalStatus': 'Single', 'memberCode': 'Primary Household Member'}]",, Kennedy,Jenet, 06/25/1975, Dallas, TX, 55 Main St,75204,[],False
32,6877af98-36b4-4f2a-b23c-be25362f01d8,heimdal_test_LifePrefill_service-000032,Success,Artificial match,CARLITA,L,HOVENDEN,02/02/1954,67,Female,Married,Other Household Members,6730 COTTONWOOD PT,HENDERSON,NV,89012,Street Address,Definite Owner,20+ yrs,Business Owner,1,True,True,False,False,2,False,0,0,0,0,0,0,0,"['Baking', 'Cooking', 'Crafts', 'Gardening', 'Gourmet Foods', 'Motorcycle Riding', 'Photography', 'Quilting', 'Sewing/Needlework/Knitting']","$50,000 - $74,999",,"$250,000 - $499,999","$150,000 - $199,999","$50,000 - $74,999",0,2282,177,2282,177,6.48%,Variable Rate Loan,Conventional,02/15/1999,False,600,467,717%,,02/15/1999,"['Insurance', 'Life Insurance', 'Medicare Coverage']","[{'firstName': 'CARLITA', 'middleName': 'L', 'lastName': 'HOVENDEN', 'dateOfBirth': '02/02/1954', 'age': 67, 'gender': 'Female', 'maritalStatus': 'Married', 'memberCode': 'Other Household Members'}, {'firstName': 'GUALTERIO', 'middleName': 'J', 'lastName': 'HOVENDEN', 'dateOfBirth': '05/07/1955', 'age': 65, 'gender': 'Male', 'maritalStatus': 'Married', 'memberCode': 'Primary Household Member'}]",, Hovenden,Carlita, 02/02/1954, Henderson, NV, 6730 Cottonwood Pt,89012,[],False
33,aebab095-49c9-474e-9ba0-eba8bd098f81,heimdal_test_LifePrefill_service-000033,Success,Artificial match,GUALTERIO,J,HOVENDEN,05/07/1952,69,Male,Married,Primary Household Member,6730 COTTONWOOD PT,HENDERSON,NV,89012,Street Address,Definite Owner,20+ yrs,Business Owner,1,True,True,False,False,2,False,0,0,0,0,0,0,0,"['Baking', 'Cooking', 'Crafts', 'Gardening', 'Gourmet Foods', 'Motorcycle Riding', 'Photography', 'Quilting', 'Sewing/Needlework/Knitting']","$50,000 - $74,999",,"$250,000 - $499,999","$150,000 - $199,999","$50,000 - $74,999",0,2282,177,2282,177,6.48%,Variable Rate Loan,Conventional,02/15/1999,False,600,467,717%,,02/15/1999,"['Insurance', 'Life Insurance', 'Medicare Coverage']","[{'firstName': 'GUALTERIO', 'middleName': 'J', 'lastName': 'HOVENDEN', 'dateOfBirth': '05/07/1952', 'age': 69, 'gender': 'Male', 'maritalStatus': 'Married', 'memberCode': 'Primary Household Member'}, {'firstName': 'CARLITA', 'middleName': 'L', 'lastName': 'HOVENDEN', 'dateOfBirth': '03/01/1953', 'age': 67, 'gender': 'Female', 'maritalStatus': 'Married', 'memberCode': 'Other Household Members'}]",, Hovenden,Gualterio, 05/07/1952, Henderson, NV, 6730 Cottonwood Pt,89012,[],False
34,f46dcbb4-a48e-4766-9d16-7ded62b53195,heimdal_test_LifePrefill_service-000034,Success,Artificial match,CHANDA,L,WRATE,04/21/1966,55,Female,Single,Primary Household Member,54687 RIEDER CIR,AMARILLO,TX,79171,Street Address,Definite Owner,3-5 yrs,Management,1,False,False,True,False,1,False,0,0,0,0,0,0,0,[],"$40,000 - $49,999",,"Less than $25,000","Less than $4,999","$500 - $2,499","$10,000 - $14,999",60,,60,,,,Conventional,10/15/2015,False,60,61,97%,2,10/15/2015,[],"[{'firstName': 'CHANDA', 'middleName': 'L', 'lastName': 'WRATE', 'dateOfBirth': '04/21/1966', 'age': 55, 'gender': 'Female', 'maritalStatus': 'Single', 'memberCode': 'Primary Household Member'}]",, Wrate,Chanda, 04/21/1966, Amarillo, TX, 54687 Rieder Cir,79171,[],False
35,140e63f9-2a5e-48d4-876f-a0163e42d139,heimdal_test_LifePrefill_service-000035,Success,Artificial match,CHERYE,D,PAAL,09/09/1956,64,Female,Single,Primary Household Member,1 THACKERAY DR,AUSTIN,TX,78769,Street Address,Definite Owner,20+ yrs,Unknown/No Data,1,True,False,False,False,1,False,0,0,0,0,0,0,0,"['Gardening', 'Gourmet Foods']","$50,000 - $74,999",,"$100,000 - $249,999","$150,000 - $199,999","$15,000 - $19,999","$1 - $2,499",,,122,,,,Conventional,10/15/2017,True,,260,48%,131,11/15/1996,[],"[{'firstName': 'CHERYE', 'middleName': 'D', 'lastName': 'PAAL', 'dateOfBirth': '09/09/1956', 'age': 64, 'gender': 'Female', 'maritalStatus': 'Single', 'memberCode': 'Primary Household Member'}]",, Paal,Cherye, 09/09/1956, Austin, TX, 1 Thackeray Dr,78769,[],False
36,e8d61bde-5f7d-4d59-941f-f78b2f1ebb75,heimdal_test_LifePrefill_service-000036,Success,Artificial match,REUVEN,W,LARENSON,07/04/1962,58,Male,Single,Primary Household Member,8 JUDY PKWY,EL PASO,TX,79989,Street Address,Definite Owner,7-12 mos.,Unknown/No Data,1,True,False,False,False,1,False,0,0,0,0,0,0,0,[],"$50,000 - $74,999",,"$100,000 - $249,999","$50,000 - $74,999","$5,000 - $7,499","$15,000 - $19,999",,,,,,,,,False,,129,131%,,09/15/2019,[],"[{'firstName': 'REUVEN', 'middleName': 'W', 'lastName': 'LARENSON', 'dateOfBirth': '07/04/1962', 'age': 58, 'gender': 'Male', 'maritalStatus': 'Single', 'memberCode': 'Primary Household Member'}]",, Larenson,Reuven, 07/04/1962, El Paso, TX, 8 Judy Pkwy,79989,[],False
37,bc54295d-5d39-4dd0-b32f-c84569489b7b,heimdal_test_LifePrefill_service-000037,Success,Artificial match,REUVEN,W,LARENSON,07/04/1962,58,Male,Single,Primary Household Member,2187 FARRAGUT AVE,COLUMBUS,OH,43220,Street Address,Definite Owner,7-12 mos.,Unknown/No Data,1,True,False,False,False,1,False,0,0,0,0,0,0,0,[],"$50,000 - $74,999",,"$100,000 - $249,999","$50,000 - $74,999","$5,000 - $7,499","$15,000 - $19,999",,,,,,,,,False,,129,131%,,09/15/2019,[],"[{'firstName': 'REUVEN', 'middleName': 'W', 'lastName': 'LARENSON', 'dateOfBirth': '07/04/1962', 'age': 58, 'gender': 'Male', 'maritalStatus': 'Single', 'memberCode': 'Primary Household Member'}]",, Larenson,Reuven, 07/04/1962, Columbus, OH, 2187 Farragut Ave,43220,[],False
38,4a52472b-d8bf-48f0-8e37-0fef0483679a,heimdal_test_LifePrefill_service-000038,Success,Artificial match,GRADEY,E,MADDERS,06/19/1964,56,Male,Single,Primary Household Member,8 TOBAN ALLEY,NAPERVILLE,IL,60567,Street Address,Definite Owner,20+ yrs,Sales/Marketing,1,True,False,False,False,1,False,0,0,0,0,0,0,0,['Cultural/Arts Events'],"$100,000 - $124,999",,"$500,000 - $749,999","$250,000 - $499,999","$100,000 or more","$10,000 - $14,999",,101,149,101,4.52%,Variable Rate Loan,Conventional,07/15/2003,True,,174,132%,,,[],"[{'firstName': 'GRADEY', 'middleName': 'E', 'lastName': 'MADDERS', 'dateOfBirth': '06/19/1964', 'age': 56, 'gender': 'Male', 'maritalStatus': 'Single', 'memberCode': 'Primary Household Member'}]",, Madders,Gradey, 06/19/1964, Naperville, IL, 8 Toban Alley,60567,[],False
39,67115390-295f-4863-9e13-abc67b8b5588,heimdal_test_LifePrefill_service-000039,Success,Artificial match,FOWLER,G,SCHUBERT,10/28/1948,72,Male,Single,Primary Household Member,2 BURNING WOOD PT UNIT 104,PALATINE,IL,60078,Street Address,Probable Renter,3-5 yrs,Retired,1,True,False,False,False,1,False,0,0,0,0,0,0,0,"['Baking', 'Contests/Sweepstakes', 'Cooking', 'Crafts', 'Gardening', 'Gourmet Foods', 'Wine']","$75,000 - $99,999",,"$250,000 - $499,999","$200,000 - $249,999","$50,000 - $74,999",0,,,,,,,,,False,,,,,,[],"[{'firstName': 'FOWLER', 'middleName': 'G', 'lastName': 'SCHUBERT', 'dateOfBirth': '10/28/1948', 'age': 72, 'gender': 'Male', 'maritalStatus': 'Single', 'memberCode': 'Primary Household Member'}]",, Schubert,Fowler, 10/28/1948, Palatine, IL, 2 Burning Wood Pt Unit 104,60078,[],False
40,5566daf4-8b90-4a2e-8b8a-224be40d00f0,heimdal_test_LifePrefill_service-000040,Success,Artificial match,HALEIGH,L,COTESFORD,11/23/1930,90,Female,Single,Primary Household Member,1459 MARQUETTE JCT APT B105,PEORIA,IL,61629,Street Address,Probable Renter,3-5 yrs,Retired,1,False,False,False,False,1,False,0,0,0,0,0,0,0,[],"$50,000 - $74,999",,"$100,000 - $249,999","$150,000 - $199,999","$100,000 or more",0,,,,,,,,,False,,,,,,['Investments'],"[{'firstName': 'HALEIGH', 'middleName': 'L', 'lastName': 'COTESFORD', 'dateOfBirth': '11/23/1930', 'age': 90, 'gender': 'Female', 'maritalStatus': 'Single', 'memberCode': 'Primary Household Member'}]",, Cotesford,Haleigh, 11/23/1930, Peoria, IL, 1459 Marquette Jct Apt B105,61629,[],False
41,24badc4f-882b-4687-858b-80b57cebf9df,heimdal_test_LifePrefill_service-000041,Success,Artificial match,KYLE,,MURDOCK,05/20/1970,51,Male,Married,Primary Household Member,18595 OLD ALDRIN HIGHWAY,HIGHLANDS RANCH,CO,80126,Street Address,Definite Owner,6-10 yrs,Professional/Technical,2,False,False,True,False,3,True,2,0,0,0,2,1,-1,"['Baking', 'Scrapbooking', 'Woodworking']","$150,000 - $174,999","$250,000 - $499,999",,,,"$5,000 - $9,999",500000,,500000,,3.80%,Fixed Rate Loan,Conventional,04/20/2013,False,,550000,,250000,04/20/2013,[],"[{'firstName': 'KYLE', 'middleName': None, 'lastName': 'MURDOCK', 'dateOfBirth': '05/20/1970', 'age': 51, 'gender': 'Male', 'maritalStatus': 'Married', 'memberCode': 'Primary Household Member'}, {'firstName': 'SHARON', 'middleName': None, 'lastName': 'MURDOCK', 'dateOfBirth': '12/08/1971', 'age': 49, 'gender': 'Female', 'maritalStatus': 'Married', 'memberCode': 'Primary Household Member'}, {'firstName': 'ANDY', 'middleName': None, 'lastName': 'MURDOCK', 'dateOfBirth': '03/10/2003', 'age': 18, 'gender': 'Male', 'maritalStatus': 'Single', 'memberCode': 'Primary Household Member'}]",,Murdock,Kyle,05/20/1970,Highlands Ranch,CO,18595 Old Aldrin Highway,80126,[],False
42,17ac8521-d971-4caf-b72e-88859496acb5,heimdal_test_LifePrefill_service-000042,Success,Artificial match,SHARON,,MURDOCK,12/08/1971,49,Female,Married,Primary Household Member,18595 OLD ALDRIN HIGHWAY,HIGHLANDS RANCH,CO,80126,Street Address,Definite Owner,6-10 yrs,Homemaker,2,False,False,True,False,3,True,2,0,0,0,2,1,-1,"['Baking', 'Scrapbooking', 'Woodworking']","$150,000 - $174,999","$250,000 - $499,999",,,,"$5,000 - $9,999",500000,,500000,,3.80%,Fixed Rate Loan,Conventional,04/20/2013,False,,550000,,250000,04/20/2013,[],"[{'firstName': 'SHARON', 'middleName': None, 'lastName': 'MURDOCK', 'dateOfBirth': '12/08/1971', 'age': 49, 'gender': 'Female', 'maritalStatus': 'Married', 'memberCode': 'Primary Household Member'}, {'firstName': 'KYLE', 'middleName': None, 'lastName': 'MURDOCK', 'dateOfBirth': '05/20/1970', 'age': 51, 'gender': 'Male', 'maritalStatus': 'Married', 'memberCode': 'Primary Household Member'}, {'firstName': 'ANDY', 'middleName': None, 'lastName': 'MURDOCK', 'dateOfBirth': '03/10/2003', 'age': 18, 'gender': 'Male', 'maritalStatus': 'Single', 'memberCode': 'Primary Household Member'}]",,Murdock,Sharon,12/08/1971,Highlands Ranch,CO,18595 Old Aldrin Highway,80126,[],False
43,1e85fefd-05cf-4162-91dd-39a139f533cf,heimdal_test_LifePrefill_service-000043,Success,Artificial match,ANDY,,MURDOCK,03/10/2006,15,Male,Single,Primary Household Member,18595 OLD ALDRIN HIGHWAY,HIGHLANDS RANCH,CO,80126,Street Address,Unknown,6-10 yrs,Student,2,False,False,True,False,3,True,2,0,0,0,2,1,-1,"['Baking', 'Scrapbooking', 'Woodworking']","$150,000 - $174,999","$250,000 - $499,999",,,,"$5,000 - $9,999",500000,,500000,,3.80%,Fixed Rate Loan,Conventional,04/20/2013,False,,550000,,250000,04/20/2013,[],"[{'firstName': 'ANDY', 'middleName': None, 'lastName': 'MURDOCK', 'dateOfBirth': '03/10/2006', 'age': 15, 'gender': 'Male', 'maritalStatus': 'Single', 'memberCode': 'Primary Household Member'}, {'firstName': 'KYLE', 'middleName': None, 'lastName': 'MURDOCK', 'dateOfBirth': '05/20/1970', 'age': 51, 'gender': 'Male', 'maritalStatus': 'Married', 'memberCode': 'Primary Household Member'}, {'firstName': 'SHARON', 'middleName': None, 'lastName': 'MURDOCK', 'dateOfBirth': '12/08/1971', 'age': 49, 'gender': 'Female', 'maritalStatus': 'Married', 'memberCode': 'Primary Household Member'}]",,Murdock,Andy,03/10/2006,Highlands Ranch,CO,18595 Old Aldrin Highway,80126,[],False
44,24afeee4-fc88-42eb-a82e-a801366be74f,heimdal_test_LifePrefill_service-000044,Success,Artificial match,JANET,,WILLIAMS,08/12/1959,61,Female,Single,Primary Household Member,5321 RED OAK LN,BEDFORD FALLS,AL,50613,Street Address,Definite Owner,11-15 yrs,Business Owner,0,True,False,False,False,1,False,0,0,0,0,0,0,0,"['Gourmet Foods', 'Wine']","$75,000 - $99,999","$150,000 - $249,999",,,,"$2,500 - $4,999",300000,,300000,,4.20%,Fixed Rate Loan,Federal Housing Authority,06/12/2009,False,,350000,,125000,06/12/2009,[],"[{'firstName': 'JANET', 'middleName': None, 'lastName': 'WILLIAMS', 'dateOfBirth': '08/12/1959', 'age': 61, 'gender': 'Female', 'maritalStatus': 'Single', 'memberCode': 'Primary Household Member'}]",,Williams,Janet,08/12/1959,Bedford Falls,AL,5321 Red Oak Ln,50613,[],False
45,b7750c1c-9694-4969-8903-1b09ddc6eaa6,heimdal_test_LifePrefill_service-000045,Success,Artificial match,HANK,,CHELSEA,01/07/2000,21,Male,Single,Primary Household Member,8 WHITE TAIL RD,HOT SPRINGS VILLAGE,AR,71909,Street Address,Definite Renter,7-12 mos.,Other,0,False,False,False,True,1,False,0,0,0,0,0,0,0,[],"$50,000 - $74,999","$75,000 - $99,999",,,,"$2,500 - $4,999",,,,,,,,,False,,,,,,[],"[{'firstName': 'HANK', 'middleName': None, 'lastName': 'CHELSEA', 'dateOfBirth': '01/07/2000', 'age': 21, 'gender': 'Male', 'maritalStatus': 'Single', 'memberCode': 'Primary Household Member'}]",,Chelsea,Hank,01/07/2000,Hot Springs Village,AR,8 White Tail Rd,71909,[],False
46,c6e46a3d-f171-46c1-9fe6-6cb9a16f4b04,heimdal_test_LifePrefill_service-000046,Success,Artificial match,KIRA,,JOHNSON,06/19/1990,30,Female,Single,Primary Household Member,134 E SANTA MESA CT,TEMPE,AZ,85282,Street Address,Probable Renter,1-2 yrs,Clerical/Service Worker,2,False,False,False,True,1,True,1,1,0,0,0,0,0,"['Crafts', 'Motorcycle Riding', 'Sewing/Needlework/Knitting']","$30,000 - $39,999","Under $25,000",,,,"$5,000 - $9,999",,,,,,,,,False,,,,,,[],"[{'firstName': 'KIRA', 'middleName': None, 'lastName': 'JOHNSON', 'dateOfBirth': '06/19/1990', 'age': 30, 'gender': 'Female', 'maritalStatus': 'Single', 'memberCode': 'Primary Household Member'}]",,Johnson,Kira,06/19/1990,Tempe,AZ,134 E Santa Mesa Ct,85282,[],False
47,44fde319-b5e8-43bb-8033-bef1f07e86e5,heimdal_test_LifePrefill_service-000047,Success,Artificial match,RANDALL,,PEARSON,07/15/1980,40,Male,Single,Primary Household Member,643 WALDEN CT,FORT COLLINS,CO,80126,Street Address,Probable Owner,6-10 yrs,Physician/Dentist,0,False,False,True,False,1,False,0,0,0,0,0,0,0,['Cigar Smoking'],"$250,000 or More","$750,000 - $999,999",,,,"$1 - $2,499",800000,,800000,150000,3.50%,Fixed Rate Loan,Conventional,02/28/2011,False,,1050000,,600000,02/28/2011,[],"[{'firstName': 'RANDALL', 'middleName': None, 'lastName': 'PEARSON', 'dateOfBirth': '07/15/1980', 'age': 40, 'gender': 'Male', 'maritalStatus': 'Single', 'memberCode': 'Primary Household Member'}]",,Pearson,Randall,07/15/1980,Fort Collins,CO,643 Walden Ct,80126,[],False
48,f3b1acf5-4994-450f-b23b-780da4b41eb0,heimdal_test_LifePrefill_service-000048,Success,Artificial match,RAMON,,MARTINEZ,08/15/1962,58,Male,Married,Primary Household Member,300 WILLIAMS ST NE APT 410,WASHINGTON,DC,20011,Street Address,Definite Homeowner,0-6 mos.,Business Owner,2,False,False,True,False,3,True,3,0,0,0,2,1,0,['Cultural/Arts Events'],"$75,000 - $99,999","$150,000 - $249,999",,,,"$10,000 - $14,999",150000,,150000,,2.50%,Fixed Rate Loan,Veterans Administration,03/16/2021,False,,175000,,25000,03/16/2021,[],"[{'firstName': 'RAMON', 'middleName': None, 'lastName': 'MARTINEZ', 'dateOfBirth': '08/15/1962', 'age': 58, 'gender': 'Male', 'maritalStatus': 'Married', 'memberCode': 'Primary Household Member'}, {'firstName': 'ERIN', 'middleName': None, 'lastName': 'MARTINEZ', 'dateOfBirth': '10/05/1967', 'age': 53, 'gender': 'Female', 'maritalStatus': 'Married', 'memberCode': 'Primary Household Member'}, {'firstName': 'OLIVIA', 'middleName': None, 'lastName': 'MARTINEZ', 'dateOfBirth': '09/15/2001', 'age': 20, 'gender': 'Female', 'maritalStatus': 'Single', 'memberCode': 'Primary Household Member'}]",,Martinez,Ramon,08/15/1962,Washington,DC,300 Williams St NE Apt 410,20011,[],False
49,db0b0dba-7412-4064-8fda-209075ce490b,heimdal_test_LifePrefill_service-000049,Success,Artificial match,RAMON,,MARTINEZ,08/15/1962,58,Male,Married,Primary Household Member,12109 OAK TREE CT,FAIRFAX,VA,22030,Street Address,Definite Homeowner,0-6 mos.,Business Owner,2,False,False,True,False,3,True,3,0,0,0,2,1,0,['Cultural/Arts Events'],"$75,000 - $99,999","$150,000 - $249,999",,,,"$10,000 - $14,999",150000,,150000,,2.50%,Fixed Rate Loan,Veterans Administration,03/16/2021,False,,175000,,25000,03/16/2021,[],"[{'firstName': 'RAMON', 'middleName': None, 'lastName': 'MARTINEZ', 'dateOfBirth': '08/15/1962', 'age': 58, 'gender': 'Male', 'maritalStatus': 'Married', 'memberCode': 'Primary Household Member'}, {'firstName': 'ERIN', 'middleName': None, 'lastName': 'MARTINEZ', 'dateOfBirth': '10/05/1967', 'age': 53, 'gender': 'Female', 'maritalStatus': 'Married', 'memberCode': 'Primary Household Member'}, {'firstName': 'OLIVIA', 'middleName': None, 'lastName': 'MARTINEZ', 'dateOfBirth': '09/15/2001', 'age': 20, 'gender': 'Female', 'maritalStatus': 'Single', 'memberCode': 'Primary Household Member'}]",,Martinez,Ramon,08/15/1962,Fairfax,VA,12109 Oak Tree Ct,22030,[],False
50,1a072677-5fd3-4ac2-a770-b85ca8973b7c,heimdal_test_LifePrefill_service-000050,Success,Artificial match,ERIN,,MARTINEZ,10/05/1967,53,Female,Married,Primary Household Member,300 WILLIAMS ST NE APT 410,WASHINGTON,DC,20011,Street Address,Definite Renter,0-6 mos.,Health Care,2,False,False,True,False,3,True,3,0,0,0,2,1,0,['Cultural/Arts Events'],"$75,000 - $99,999","$150,000 - $249,999",,,,"$10,000 - $14,999",150000,,150000,,2.50%,Fixed Rate Loan,Veterans Administration,03/16/2021,False,,175000,,25000,03/16/2021,[],"[{'firstName': 'ERIN', 'middleName': None, 'lastName': 'MARTINEZ', 'dateOfBirth': '10/05/1967', 'age': 53, 'gender': 'Female', 'maritalStatus': 'Married', 'memberCode': 'Primary Household Member'}, {'firstName': 'RAMON', 'middleName': None, 'lastName': 'MARTINEZ', 'dateOfBirth': '08/15/1962', 'age': 58, 'gender': 'Male', 'maritalStatus': 'Married', 'memberCode': 'Primary Household Member'}, {'firstName': 'OLIVIA', 'middleName': None, 'lastName': 'MARTINEZ', 'dateOfBirth': '09/15/2001', 'age': 20, 'gender': 'Female', 'maritalStatus': 'Single', 'memberCode': 'Primary Household Member'}]",,Martinez,Erin,10/05/1967,Washington,DC,300 Williams St NE Apt 410,20011,[],False
51,4a980f35-3b7c-4e54-8416-37887a64f51b,heimdal_test_LifePrefill_service-000051,Success,Artificial match,ERIN,,MARTINEZ,10/05/1967,53,Female,Married,Primary Household Member,12109 OAK TREE CT,FAIRFAX,VA,22030,Street Address,Definite Renter,0-6 mos.,Health Care,2,False,False,True,False,3,True,3,0,0,0,2,1,0,['Cultural/Arts Events'],"$75,000 - $99,999","$150,000 - $249,999",,,,"$10,000 - $14,999",150000,,150000,,2.50%,Fixed Rate Loan,Veterans Administration,03/16/2021,False,,175000,,25000,03/16/2021,[],"[{'firstName': 'ERIN', 'middleName': None, 'lastName': 'MARTINEZ', 'dateOfBirth': '10/05/1967', 'age': 53, 'gender': 'Female', 'maritalStatus': 'Married', 'memberCode': 'Primary Household Member'}, {'firstName': 'RAMON', 'middleName': None, 'lastName': 'MARTINEZ', 'dateOfBirth': '08/15/1962', 'age': 58, 'gender': 'Male', 'maritalStatus': 'Married', 'memberCode': 'Primary Household Member'}, {'firstName': 'OLIVIA', 'middleName': None, 'lastName': 'MARTINEZ', 'dateOfBirth': '09/15/2001', 'age': 20, 'gender': 'Female', 'maritalStatus': 'Single', 'memberCode': 'Primary Household Member'}]",,Martinez,Erin,10/05/1967,Fairfax,VA,12109 Oak Tree Ct,22030,[],False
52,afa358cc-8576-4a72-a670-aadc0b46046b,heimdal_test_LifePrefill_service-000052,Success,Artificial match,OLIVIA,,MARTINEZ,09/15/2001,19,Female,Single,Primary Household Member,300 WILLIAMS ST NE APT 410,WASHINGTON,DC,20011,Street Address,Definite Renter,0-6 mos.,Student,2,False,False,True,False,3,True,3,0,0,0,2,1,0,['Cultural/Arts Events'],"$75,000 - $99,999","Under $25,000",,,,"$10,000 - $14,999",150000,,150000,,2.50%,Fixed Rate Loan,Veterans Administration,03/16/2021,False,,175000,,25000,03/16/2021,[],"[{'firstName': 'OLIVIA', 'middleName': None, 'lastName': 'MARTINEZ', 'dateOfBirth': '09/15/2001', 'age': 19, 'gender': 'Female', 'maritalStatus': 'Single', 'memberCode': 'Primary Household Member'}, {'firstName': 'RAMON', 'middleName': None, 'lastName': 'MARTINEZ', 'dateOfBirth': '08/15/1962', 'age': 58, 'gender': 'Male', 'maritalStatus': 'Married', 'memberCode': 'Primary Household Member'}, {'firstName': 'ERIN', 'middleName': None, 'lastName': 'MARTINEZ', 'dateOfBirth': '10/05/1967', 'age': 53, 'gender': 'Female', 'maritalStatus': 'Married', 'memberCode': 'Primary Household Member'}]",,Martinez,Olivia,09/15/2001,Washington,DC,300 Williams St NE Apt 410,20011,[],False
53,68c3c694-897e-4d27-8234-7e303407b923,heimdal_test_LifePrefill_service-000053,Success,Artificial match,OLIVIA,,MARTINEZ,09/15/2001,19,Female,Single,Primary Household Member,12109 OAK TREE CT,FAIRFAX,VA,22030,Street Address,Definite Renter,0-6 mos.,Student,2,False,False,True,False,3,True,3,0,0,0,2,1,0,['Cultural/Arts Events'],"$75,000 - $99,999","Under $25,000",,,,"$10,000 - $14,999",150000,,150000,,2.50%,Fixed Rate Loan,Veterans Administration,03/16/2021,False,,175000,,25000,03/16/2021,[],"[{'firstName': 'OLIVIA', 'middleName': None, 'lastName': 'MARTINEZ', 'dateOfBirth': '09/15/2001', 'age': 19, 'gender': 'Female', 'maritalStatus': 'Single', 'memberCode': 'Primary Household Member'}, {'firstName': 'RAMON', 'middleName': None, 'lastName': 'MARTINEZ', 'dateOfBirth': '08/15/1962', 'age': 58, 'gender': 'Male', 'maritalStatus': 'Married', 'memberCode': 'Primary Household Member'}, {'firstName': 'ERIN', 'middleName': None, 'lastName': 'MARTINEZ', 'dateOfBirth': '10/05/1967', 'age': 53, 'gender': 'Female', 'maritalStatus': 'Married', 'memberCode': 'Primary Household Member'}]",,Martinez,Olivia,09/15/2001,Fairfax,VA,12109 Oak Tree Ct,22030,[],False
54,61579962-9c85-4aa4-821a-2ae90d5aa1b2,heimdal_test_LifePrefill_service-000054,Success,Artificial match,ARVINDER,,SINGH,01/19/1978,43,Male,Single,Primary Household Member,1581 EGLIN WAY SW,OMAHA,NE,68124,Street Address,Definite Owner,3-5 yrs,Sales/Marketing,0,False,False,True,False,1,False,0,0,0,0,0,0,0,['Photography'],"$200,000 - 249,999","$750,000 - $999,999",,"$200,000 - $249,999",,"$2,500 - $4,999",750000,,750000,,3.75%,Fixed Rate Loan,Conventional,04/23/2017,False,,900000,,400000,04/23/2017,[],"[{'firstName': 'ARVINDER', 'middleName': None, 'lastName': 'SINGH', 'dateOfBirth': '01/19/1978', 'age': 43, 'gender': 'Male', 'maritalStatus': 'Single', 'memberCode': 'Primary Household Member'}]",,Singh,Arvinder,01/19/1978,Omaha,NE,1581 Eglin Way SW,68124,[],False
55,432f3a24-63a9-49f3-ac25-d11eb9132cb0,heimdal_test_LifePrefill_service-000055,Success,Artificial match,JAMES,,DURSLEY,10/17/1988,32,Male,Single,Primary Household Member,717 HEREFORD DR,MIDDLETOWN,DE,19709,Street Address,Definite Renter,0-6 mos.,Other,0,False,False,False,False,1,False,0,0,0,0,0,0,0,[],"$40,000 - $49,999","$75,000 - $99,999",,,,,,,,,,,,,False,,,,,,[],"[{'firstName': 'JAMES', 'middleName': None, 'lastName': 'DURSLEY', 'dateOfBirth': '10/17/1988', 'age': 32, 'gender': 'Male', 'maritalStatus': 'Single', 'memberCode': 'Primary Household Member'}]",,Dursley,James,10/17/1988,Middletown,DE,717 Hereford Dr,19709,[],False
56,30ded2b0-6346-45a2-9390-026e657efc85,heimdal_test_LifePrefill_service-000056,Success,Artificial match,ALIA,,GABRIEL,10/19/1996,24,Female,Single,Primary Household Member,620 NAVIGATION BLVD,NEW CASTLE,DE,19720,Street Address,Definite Renter,7-12 mos.,Management,0,False,False,False,False,1,True,2,1,1,0,0,0,0,[],"$40,000 - $49,999","Under $25,000",,,,,,,,,,,,,False,,,,,,[],"[{'firstName': 'ALIA', 'middleName': None, 'lastName': 'GABRIEL', 'dateOfBirth': '10/19/1996', 'age': 24, 'gender': 'Female', 'maritalStatus': 'Single', 'memberCode': 'Primary Household Member'}]",,Gabriel,Alia,10/19/1996,New Castle,DE,620 Navigation Blvd,19720,[],False
57,cf250209-3a4b-454d-8751-ec8d1a67a55c,heimdal_test_LifePrefill_service-000057,Success,Artificial match,AMY,,NYE,06/20/1957,63,Female,Single,Primary Household Member,16854 WESTPORT BLVD,RANDOR,DE,19968,Street Address,Probable Owner,6-10 yrs,Professional/Technical,0,False,False,False,False,1,False,0,0,0,0,0,0,0,[],"$75,000 - $99,999","$100,000 - $149,999","$100,000 - $249,999","$15,000 - $24,999","$2,500 - $4,999","$2,500 - $4,999",223000,,223000,,3.25%,Fixed Rate Loan,Federal Housing Authority,03/21/2015,False,299900,350000,275000%,75000,03/21/2015,[],"[{'firstName': 'AMY', 'middleName': None, 'lastName': 'NYE', 'dateOfBirth': '06/20/1957', 'age': 63, 'gender': 'Female', 'maritalStatus': 'Single', 'memberCode': 'Primary Household Member'}]",,Nye,Amy,06/20/1957,Randor,DE,16854 Westport Blvd,19968,[],False
58,38b0473b-75c4-48f0-99e5-08345c9b5c5c,heimdal_test_LifePrefill_service-000058,Success,Artificial match,HANNA,,PARMELY,08/20/1998,22,Female,Married,Primary Household Member,1732 TORREY PINES ST,MILTON,FL,32570,Street Address,Definite Renter,0-6 mos.,Teacher Educator,0,False,False,False,False,2,True,1,1,0,0,0,0,0,[],"$75,000 - $99,999","$75,000 - $99,999",,,,,,,,,,,,,False,,,,,,[],"[{'firstName': 'HANNA', 'middleName': None, 'lastName': 'PARMELY', 'dateOfBirth': '08/20/1998', 'age': 22, 'gender': 'Female', 'maritalStatus': 'Married', 'memberCode': 'Primary Household Member'}, {'firstName': 'WYATT', 'middleName': None, 'lastName': 'PARMELY', 'dateOfBirth': '02/16/1997', 'age': 23, 'gender': 'Male', 'maritalStatus': 'Married', 'memberCode': 'Primary Household Member'}]",,Parmely,Hanna,08/20/1998,Milton,FL,1732 Torrey Pines St,32570,[],False
59,7dada014-6329-4805-a2be-127f373b6592,heimdal_test_LifePrefill_service-000059,Success,Artificial match,WYATT,,PARMELY,02/16/1997,24,Male,Married,Primary Household Member,1732 TORREY PINES ST,MILTON,FL,32570,Street Address,Definite Renter,0-6 mos.,Health Care,0,False,False,False,False,2,True,1,1,0,0,0,0,0,[],"$75,000 - $99,999","$75,000 - $99,999",,,,,,,,,,,,,False,,,,,,[],"[{'firstName': 'WYATT', 'middleName': None, 'lastName': 'PARMELY', 'dateOfBirth': '02/16/1997', 'age': 24, 'gender': 'Male', 'maritalStatus': 'Married', 'memberCode': 'Primary Household Member'}, {'firstName': 'HANNA', 'middleName': None, 'lastName': 'PARMELY', 'dateOfBirth': '08/20/1998', 'age': 22, 'gender': 'Female', 'maritalStatus': 'Married', 'memberCode': 'Primary Household Member'}]",,Parmely,Wyatt,02/16/1997,Milton,FL,1732 Torrey Pines St,32570,[],False
60,59dfb945-92eb-4778-9adb-5cf601e3d5af,heimdal_test_LifePrefill_service-000060,Success,Artificial match,STACY,,MADDOW,09/12/1969,51,Female,Married,Primary Household Member,70 BELGROVE ST,SAVANNAH,GA,31407,Street Address,Definite Owner,3-5 yrs,Professional/Technical,0,False,True,True,False,2,False,0,0,0,0,0,0,0,['Gardening'],"$125,000 - $149,999","$500,000 - $749,999",,,,"$10,000 - $14,999",550000,,550000,,3.75%,Fixed Rate Loan,Conventional,05/12/2017,False,,625000,,250000,05/12/2017,[],"[{'firstName': 'STACY', 'middleName': None, 'lastName': 'MADDOW', 'dateOfBirth': '09/12/1969', 'age': 51, 'gender': 'Female', 'maritalStatus': 'Married', 'memberCode': 'Primary Household Member'}, {'firstName': 'ELLEN', 'middleName': None, 'lastName': 'MADDOW', 'dateOfBirth': '02/15/1973', 'age': 48, 'gender': 'Female', 'maritalStatus': 'Married', 'memberCode': 'Primary Household Member'}]",,Maddow,Stacy,09/12/1969,Savannah,GA,70 Belgrove St,31407,[],False
61,dea0b200-28f5-4cf0-adb8-07e51e10e192,heimdal_test_LifePrefill_service-000061,Success,Artificial match,ELLEN,,MADDOW,02/15/1973,48,Female,Married,Primary Household Member,70 BELGROVE ST,SAVANNAH,GA,31407,Street Address,Definite Owner,3-5 yrs,Professional/Technical,0,False,True,True,False,2,False,0,0,0,0,0,0,0,['Gardening'],"$125,000 - $149,999","$500,000 - $749,999",,,,"$10,000 - $14,999",550000,,550000,,3.75%,Fixed Rate Loan,Conventional,05/12/2017,False,,625000,,250000,05/12/2017,[],"[{'firstName': 'ELLEN', 'middleName': None, 'lastName': 'MADDOW', 'dateOfBirth': '02/15/1973', 'age': 48, 'gender': 'Female', 'maritalStatus': 'Married', 'memberCode': 'Primary Household Member'}, {'firstName': 'STACY', 'middleName': None, 'lastName': 'MADDOW', 'dateOfBirth': '09/12/1969', 'age': 51, 'gender': 'Female', 'maritalStatus': 'Married', 'memberCode': 'Primary Household Member'}]",,Maddow,Ellen,02/15/1973,Savannah,GA,70 Belgrove St,31407,[],False
62,2a04d131-6e95-478b-b5b3-0cc0c34b1b49,heimdal_test_LifePrefill_service-000062,Success,Artificial match,TIM,,WARREN,09/23/1982,38,Male,Single,Primary Household Member,7505 SAILBOAT CV,FT STEWART,GA,31315,Street Address,Definite Renter,1-2 yrs,Other,0,False,False,False,True,1,False,0,0,0,0,0,0,0,[],"$30,000 - $39,999","$75,000 - $99,999",,,,"$15,000 - $19,999",,,,,,,,,False,,,,,,[],"[{'firstName': 'TIM', 'middleName': None, 'lastName': 'WARREN', 'dateOfBirth': '09/23/1982', 'age': 38, 'gender': 'Male', 'maritalStatus': 'Single', 'memberCode': 'Primary Household Member'}]",,Warren,Tim,09/23/1982,Ft Stewart,GA,7505 Sailboat Cv,31315,[],False
63,7aa9ba7d-e9d0-47dd-9eef-c6955ee70f29,heimdal_test_LifePrefill_service-000063,Success,Artificial match,JOHN,,HULL,10/12/1968,52,Male,Married,Primary Household Member,1411 TRENTON AVE NE,GROVETOWN,GA,30813,Street Address,Definite Owner,11-15 yrs,Teacher Educator,2,False,False,True,False,2,True,1,0,0,0,0,1,0,[],"$200,000 - 249,999","$500,000 - $749,999",,,,"$2,500 - $4,999",625000,,625000,,3.85%,Fixed Rate Loan,Conventional,06/23/2009,False,,750000,,400000,06/23/2009,[],"[{'firstName': 'JOHN', 'middleName': None, 'lastName': 'HULL', 'dateOfBirth': '10/12/1968', 'age': 52, 'gender': 'Male', 'maritalStatus': 'Married', 'memberCode': 'Primary Household Member'}, {'firstName': 'ALLISON', 'middleName': None, 'lastName': 'HULL', 'dateOfBirth': '07/19/1972', 'age': 49, 'gender': 'Female', 'maritalStatus': 'Married', 'memberCode': 'Primary Household Member'}]",,Hull,John,10/12/1968,Grovetown,GA,1411 Trenton Ave NE,30813,[],False
64,12b8c4ca-3d27-424b-a23e-316472c04adf,heimdal_test_LifePrefill_service-000064,Success,Artificial match,ALLISON,,HULL,07/19/1972,48,Female,Married,Primary Household Member,1411 TRENTON AVE NE,GROVETOWN,GA,30813,Street Address,Definite Owner,11-15 yrs,Business Owner,2,False,False,True,False,2,True,1,0,0,0,0,1,0,[],"$200,000 - 249,999","$500,000 - $749,999",,,,"$2,500 - $4,999",625000,,625000,,3.85%,Fixed Rate Loan,Conventional,06/23/2009,False,,750000,,400000,06/23/2009,[],"[{'firstName': 'ALLISON', 'middleName': None, 'lastName': 'HULL', 'dateOfBirth': '07/19/1972', 'age': 48, 'gender': 'Female', 'maritalStatus': 'Married', 'memberCode': 'Primary Household Member'}, {'firstName': 'JOHN', 'middleName': None, 'lastName': 'HULL', 'dateOfBirth': '10/12/1968', 'age': 52, 'gender': 'Male', 'maritalStatus': 'Married', 'memberCode': 'Primary Household Member'}]",,Hull,Allison,07/19/1972,Grovetown,GA,1411 Trenton Ave NE,30813,[],False
65,efc44c85-4e97-48b1-8e18-54c9eafe5b27,heimdal_test_LifePrefill_service-000065,Success,Artificial match,CHRIS,,LOWE,05/02/1958,63,Male,Married,Primary Household Member,3920 CARTER BLVD,MARINEZ,GA,30907,Street Address,Definite Owner,0-6 mos.,Professional/Technical,0,True,False,False,False,1,False,0,0,0,0,0,0,0,[],"$50,000 - $74,999","$75,000 - $99,999",,,,"$5,000 - $9,999",200000,,200000,,2.15%,Variable Rate Loan,Conventional,11/15/2020,False,,250000,,50000,11/15/2020,[],"[{'firstName': 'CHRIS', 'middleName': None, 'lastName': 'LOWE', 'dateOfBirth': '05/02/1958', 'age': 63, 'gender': 'Male', 'maritalStatus': 'Married', 'memberCode': 'Primary Household Member'}]",,Lowe,Chris,05/02/1958,Marinez,GA,3920 Carter Blvd,30907,[],False
66,0c58e838-510a-4873-8f73-910fb51cac20,heimdal_test_LifePrefill_service-000066,Success,Artificial match,BOB,,SIMPSON,10/07/1943,77,Male,Married,Primary Household Member,2515 EDGEMONT,JOHNSTON,IA,50131,Street Address,Definite Owner,0-6 mos.,Retired,0,True,False,False,False,2,False,0,0,0,0,0,0,0,['Cultural/Arts Events'],"$50,000 - $74,999","$750,000 - $999,999","$2,000,000 or more","$200,000 - $249,999",,"$2,500 - $4,999",,,,,,,,,False,,300000,,300000,03/15/2021,[],"[{'firstName': 'BOB', 'middleName': None, 'lastName': 'SIMPSON', 'dateOfBirth': '10/07/1943', 'age': 77, 'gender': 'Male', 'maritalStatus': 'Married', 'memberCode': 'Primary Household Member'}, {'firstName': 'BETTY', 'middleName': None, 'lastName': 'SIMPSON', 'dateOfBirth': '10/20/1947', 'age': 73, 'gender': 'Female', 'maritalStatus': 'Married', 'memberCode': 'Primary Household Member'}]",,Simpson,Bob,10/07/1943,Johnston,IA,2515 Edgemont,50131,[],False
67,cb71ced1-10e8-495c-8c44-fca741b72c42,heimdal_test_LifePrefill_service-000067,Success,Artificial match,BOB,,SIMPSON,10/07/1943,77,Male,Married,Primary Household Member,4513 W 185TH ST,SHAWNEE,KS,66218,Street Address,Definite Owner,0-6 mos.,Retired,0,True,False,False,False,2,False,0,0,0,0,0,0,0,['Cultural/Arts Events'],"$50,000 - $74,999","$750,000 - $999,999","$2,000,000 or more","$200,000 - $249,999",,"$2,500 - $4,999",,,,,,,,,False,,300000,,300000,03/15/2021,[],"[{'firstName': 'BOB', 'middleName': None, 'lastName': 'SIMPSON', 'dateOfBirth': '10/07/1943', 'age': 77, 'gender': 'Male', 'maritalStatus': 'Married', 'memberCode': 'Primary Household Member'}, {'firstName': 'BETTY', 'middleName': None, 'lastName': 'SIMPSON', 'dateOfBirth': '10/20/1947', 'age': 73, 'gender': 'Female', 'maritalStatus': 'Married', 'memberCode': 'Primary Household Member'}]",,Simpson,Bob,10/07/1943,Shawnee,Ks,4513 W 185th St,66218,[],False
68,7a3433be-51a3-4f6c-982d-552006483788,heimdal_test_LifePrefill_service-000068,Success,Artificial match,BETTY,,SIMPSON,10/20/1947,73,Female,Married,Primary Household Member,2515 EDGEMONT,JOHNSTON,IA,50131,Street Address,Definite Owner,0-6 mos.,Retired,0,True,False,False,False,2,False,0,0,0,0,0,0,0,['Cultural/Arts Events'],"$50,000 - $74,999","$750,000 - $999,999","$2,000,000 or more","$200,000 - $249,999",,"$2,500 - $4,999",,,,,,,,,False,,300000,,300000,03/15/2021,[],"[{'firstName': 'BETTY', 'middleName': None, 'lastName': 'SIMPSON', 'dateOfBirth': '10/20/1947', 'age': 73, 'gender': 'Female', 'maritalStatus': 'Married', 'memberCode': 'Primary Household Member'}, {'firstName': 'BOB', 'middleName': None, 'lastName': 'SIMPSON', 'dateOfBirth': '10/07/1943', 'age': 77, 'gender': 'Male', 'maritalStatus': 'Married', 'memberCode': 'Primary Household Member'}]",,Simpson,Betty,10/20/1947,Johnston,IA,2515 Edgemont,50131,[],False
69,f5afdc72-0367-4e51-94ae-063f50f77884,heimdal_test_LifePrefill_service-000069,Success,Artificial match,BETTY,,SIMPSON,10/20/1947,73,Female,Married,Primary Household Member,4513 W 185TH ST,SHAWNEE,KS,66218,Street Address,Definite Owner,0-6 mos.,Retired,0,True,False,False,False,2,False,0,0,0,0,0,0,0,['Cultural/Arts Events'],"$50,000 - $74,999","$750,000 - $999,999","$2,000,000 or more","$200,000 - $249,999",,"$2,500 - $4,999",,,,,,,,,False,,300000,,300000,03/15/2021,[],"[{'firstName': 'BETTY', 'middleName': None, 'lastName': 'SIMPSON', 'dateOfBirth': '10/20/1947', 'age': 73, 'gender': 'Female', 'maritalStatus': 'Married', 'memberCode': 'Primary Household Member'}, {'firstName': 'BOB', 'middleName': None, 'lastName': 'SIMPSON', 'dateOfBirth': '10/07/1943', 'age': 77, 'gender': 'Male', 'maritalStatus': 'Married', 'memberCode': 'Primary Household Member'}]",,Simpson,Betty,10/20/1947,Shawnee,KS,4513 W 185th St,66218,[],False
70,f6091a7a-86be-4000-bba3-eaaa9603a6da,heimdal_test_LifePrefill_service-000070,Success,Artificial match,TILLY,,FRANKS,01/12/1940,81,Female,Single,Primary Household Member,1306 GIBSON AVE,CEDAR RAPIDS,IA,52405,Street Address,Probable Owner,16-20 yrs,Retired,0,True,False,False,False,1,False,0,0,0,0,0,0,0,"['Baking', 'Quilting']","$30,000 - $39,999","$500,000 - $749,999",,,,"$10,000 - $14,999",,,,,,,,,False,,250000,,250000,12/18/2001,[],"[{'firstName': 'TILLY', 'middleName': None, 'lastName': 'FRANKS', 'dateOfBirth': '01/12/1940', 'age': 81, 'gender': 'Female', 'maritalStatus': 'Single', 'memberCode': 'Primary Household Member'}]",,Franks,Tilly,01/12/1940,Cedar Rapids,IA,1306 Gibson Ave,52405,[],False
71,5358b3e9-7e79-4290-bf8b-cef35e6a4c8d,heimdal_test_LifePrefill_service-000071,Success,Artificial match,LAUREN,,DANIELS,06/14/1975,46,Female,Single,Primary Household Member,2910 NW SOUTHPARK DR,ANKENY,IA,50023,Street Address,Definite Owner,0-6 mos.,Lawyers/Judges,0,False,False,True,False,1,False,0,0,0,0,0,0,0,[],"$250,000 or More","$250,000 - $499,999",,,,"$10,000 - $14,999",500000,,500000,,3.35%,Variable Rate Loan,Conventional,04/23/2021,False,,800000,,300000,04/23/2021,[],"[{'firstName': 'LAUREN', 'middleName': None, 'lastName': 'DANIELS', 'dateOfBirth': '06/14/1975', 'age': 46, 'gender': 'Female', 'maritalStatus': 'Single', 'memberCode': 'Primary Household Member'}]",,Daniels,Lauren,06/14/1975,Ankeny,IA,2910 NW Southpark Dr,50023,[],False
72,e7e2de5f-4838-4249-bb59-0a1be0d32156,heimdal_test_LifePrefill_service-000072,Success,Artificial match,LAUREN,,DANIELS,06/14/1975,46,Female,Single,Primary Household Member,9711 PIONEER TRL,GLEN BURNIE,MD,21060,Street Address,Definite Owner,0-6 mos.,Lawyers/Judges,0,False,False,True,False,1,False,0,0,0,0,0,0,0,[],"$250,000 or More","$250,000 - $499,999",,,,"$10,000 - $14,999",500000,,500000,,3.35%,Variable Rate Loan,Conventional,04/23/2021,False,,800000,,300000,04/23/2021,[],"[{'firstName': 'LAUREN', 'middleName': None, 'lastName': 'DANIELS', 'dateOfBirth': '06/14/1975', 'age': 46, 'gender': 'Female', 'maritalStatus': 'Single', 'memberCode': 'Primary Household Member'}]",,Daniels,Lauren,06/14/1975,Glen Burnie,MD,9711 Pioneer Trl,21060,[],False
