,requestId,submissionId,status,modelVersion,trend,matchDescription,score,sequenceId,addressUsed,message,censusInfo,decile,insuranceTier,financeTier,creditLevel,requestBody.person.dateOfBirth,requestBody.person.middleName,requestBody.person.firstName,requestBody.person.lastName,requestBody.address.city,requestBody.address.zipCode,requestBody.address.state,requestBody.address.addressLine1,requestBody.otherAddresses,requestBody.standardizeAddress
0,7518b62d-1701-46e1-ae4c-e1789ed272d3,heimdal_test_PFR_service-000000,Success,2.1,Improving,Artificial match,650,ID3HoICovpKVaxCLgRMAfpyriySf+wLYAVcUdbZZGvg=,0,P|1|4|48|75246|1234|493|C095|013|EVERYWHERE|63724|||RAMSEY|WAY|||||DALLAS|TX|0|1|202002|4|S|1|S|1|S|1|S|6|S|C|H|X|4|H|5|S|2|H||0|H||||2||||||||||1|14|05|1100EC63030E0C005846AB|4|2|JENNY|P|1|S|1|202002|057|S|057|S|S|19621110|2|1|40.17304993|-105.07704926|1|||||||||||||Y|||||||||||C3|0560S|128|9|A1|A1|A1|A1|T||A|C||0000|0431|200610|0322|0258|0125|0258|0125|200610|0647|F|C|0|201107|1|113|G|1999|A|12|14|0255|4|07|||||||||||||N||I|202005|I|N||N||N||N||N||N||C|I|201712|N||I|202001|A1|||||||||||||||||||||||||||||||||||||||||||||||||||||||Y||||||||||||||||||||||||||||||||||||||008550|001600|||||2||2|09|06|||||201312|201506|||||G|G|||||201608|201910|||||ACURA|ACURA|||||H|H|||||A||||||ILX|TL|||||1|1|0|0|0|0|22|22|||||2014|2004|||||1481130016002034,,4,Non-standard,Near Prime,Good, 11/10/1962,,Jenny, Everywhere, Dallas,75246, TX, 63724 Ramsey Way,[],False
1,9d563a96-c46d-4558-80a0-47bb6add3f96,heimdal_test_PFR_service-000001,Success,2.1,Improving,Artificial match,650,cYc1jTu7LVjd2iB58wa6wjTjeEOtnRUWPzyy5GxLJDw=,0,S||4|48|75246|1234|493|C095|013|DANNER|63724|||RAMSEY|WAY|||||DALLAS|TX|0|1|201811|3|H|1|S|2|S|1|S|6|S|9|H|P|4|H|5|S|1|S||0|H||||1||||||||||1|12|00|1100EC63030E0C005846AC|1|1|HUGO|J|2|S|1|201811|055|S|055|S|S|19641112|0|1|40.17304993|-105.07704926|1|||||||||||||Y|||||||||||R1|0458H|83|8|C1|C2|C1|B2||||||||||||||||||0||0|||||11|11||1|06|||||||||||||N|||||N||N||N||N||N||N||E|I|202001|N||D|202005|C1||||||||||||||||||||||||||||||||||||||||||||||||||||||||||||||||||||||||||||||||||||||||||||||||||||||||||||||||||||||||||||||||||||||||||||||||||||||||||||||||||||||||1481130016002034,,4,Non-standard,Near Prime,Good, 11/12/1964,,Hugo, Danner, Dallas,75246, TX, 63724 Ramsey Way,[],False
2,926b51ec-f80d-46ae-8ee4-218f776ba038,heimdal_test_PFR_service-000002,Success,2.1,Mixed,Artificial match,523,KKi5DWdrF8mDjlFixw7xnGWC90wCdeedPQ6Fp584dSM=,0,P|1|4|04|85641|0112|129|B001|019|WARDLEY||||||||PO BOX 12112||VAIL|AZ|0|3|201907|4|S|1|S|2|S|0|S|8|S|5|H|6|3|H|6|S|1|S||0|H|||2|||||||||||1|14|00|04014E89030E0C00485222|3|2|SIBILLA|R|2|S|1|201907|070|S|070|S|I|19490901|0|3|32.10190964|-110.66546631|5|||||||||||||Y|||||||||||Z2|0227H|53|6|A2|C2|B2|B1||||||||||||||||||0||0|||||07|08|0016|1|04|||||||||||||N|||||N||N||N||N||N||N||X|D|201710|N||D|201904|A2||||||||||Y|||||||Y|||||||||||||Y||||||||||||||||||||||||||||||||||||||||||||||||||||||||||||||||||||||||||||||||||||||||||||||||||||||||||||||||||||||||||||||||||||||||||5040190040611184,,2,Non-standard,Deep subprime,Fair, 09/01/1949,,Sibilla, Wardley, Vail,85641, AZ, PO BOX 12112,[],False
3,be25f252-e218-4d44-9bb9-ff8b4fad9397,heimdal_test_PFR_service-000003,Success,2.1,Mixed,Artificial match,523,ZuV7gWJ0LWG50ZJJP3b44WN53t8Ux4nkv/XKHxJ70o0=,0,P|1|4|55|45419|7417|143|R003|095|JARREL|826|||KILDEER|HL|||||DAYTON|OH|0|1|202003|4|S|2|S|1|S|1|S|6|S|6|S|A|4|H|6|S|2|S||0|H|||3|||||||||||1|02|10|3700D308030E0C0040B818|1|1|OGGIE|J|1|S|1|202003|069|S|069|S|S|19510214|2|1|45.44128799|-92.49497986|0|||||||||||||Y|||||||||||N1|0248S|90|7|A1|A2|A1|A1|||||||0191|200808|0165|||||||||0||0||Z||E|11|09|0044|1|07|||||||||||||N|||||N||N||N||N||N||N||I|D|201910|N||I|202005|A1|||Y|||||||Y|||||||Y||Y||Y|Y||||Y|Y||Y||Y|||Y|Y|||||||Y|Y|||||Y|||||Y||Y||Y|Y|Y|||||Y||||||||Y|||||||||||||Y|||||FORD|F 150|1994|011850|005230|003430||||1|3|4|11|03|10|09|||201711|201808|201807|200210|||G|D|G|G|||201905|201808|201807|201212|||MITSUBISHI|FORD|FORD|FORD|||L|F|F|F|||||||||OUTLANDER|F-250 SUPER DUTY|RANGER|ESCORT|||2|2|2|2|0|0|18|14|14|21|||2017|2003|2003|1991|||0391130102002011,,2,Non-standard,Deep subprime,Fair, 02/14/1951,,Oggie, Jarrel, Dayton,45419, OH, 826 Kildeer Hl,[],False
4,1c6f9d1a-3c64-4d3e-9d23-53d2e063a50f,heimdal_test_PFR_service-000004,Success,2.1,Mixed,Artificial match,523,xmooyoBMwsytNykVlvGhJUBcf2o3vIS7DazPJDW9Jmk=,0,P|1|4|55|45419|7417|143|R003|095|JARREL|826|||KILDEER|HL|||||DAYTON|OH|0|1|202003|4|S|2|S|1|S|1|S|6|S|6|S|A|4|H|6|S|2|S||0|H|||3|||||||||||1|02|10|3700D308030E0C0040B81A|4|2|WINNIE|L|1|S|3|202002|068|S|068|S|S|19520327|2|1|45.44128799|-92.49497986|0|||||||||||||Y|||||||||||N1|0248S|90|7|A1|A2|A1|A1|||||||0191|200808|0165|||||||||0||0||Z||E|11|09|0044|1|07|||||||||||||N|||||N||N||N||N||N||N||I|D|201910|N||I|202005|A1|||Y|||||||Y|||||||Y||Y||Y|Y||||Y|Y||Y||Y|||Y|Y|||||||Y|Y|||||Y|||||Y||Y||Y|Y|Y|||||Y||||||||Y|||||||||||||Y|||||FORD|F 150|1994|011850|005230|003430||||1|3|4|11|03|10|09|||201711|201808|201807|200210|||G|D|G|G|||201905|201808|201807|201212|||MITSUBISHI|FORD|FORD|FORD|||L|F|F|F|||||||||OUTLANDER|F-250 SUPER DUTY|RANGER|ESCORT|||2|2|2|2|0|0|18|14|14|21|||2017|2003|2003|1991|||0391130102002011,,2,Non-standard,Deep subprime,Fair, 03/27/1952,,Winnie, Jarrel, Dayton,45419, OH, 826 Kildeer Hl,[],False
5,5f029ede-98f1-48b8-a5bf-2b4855b24ed2,heimdal_test_PFR_service-000005,Success,2.1,Mixed,Artificial match,523,IsVK8bxU7bVwtm7bzVO2QUySYWvnruYjvO/XPYFkFWc=,0,S||4|55|45419|7417|143|R003|095|MCLINTOCK|826|||KILDEER|HL|||||DAYTON|OH|0|1|201705|3|H|1|S|2|S|1|S|7|S|8|H|J|3|H|4|S|1|S||0|H|||||2|||||||||1|14|00|3700D645030E0C00624EA2|3|2|LILLY||2|S|1|201705|048|S|048|S|S|19720304|1|6|45.44128799|-92.49497986|0||||||||||||||||Y||||||||J3|0234H|154|6|C1|C1|C1|C2||||||||||||||||||0||0|||||07|07||6|04|||||||||||||N|||||N||N||N||N||N||N||L|I|201803|N||I|202005|C1||||||||||||||||||||||||||||||||||||||||||||||||||||||||||||||||||||||||||||||||||||||||||||||||||||||||||||||||||||||||||||||||||||||||||||||||||||||||||||||||||||||||0391130102002011,,2,Non-standard,Deep subprime,Fair, 03/04/1972,,Lilly, Mclintock, Dayton,45419, OH, 826 Kildeer Hl,[],False
6,3a3f0b8f-405a-4f89-96d9-b0708b0107c0,heimdal_test_PFR_service-000006,Success,2.1,Mixed,Artificial match,840,f4o9CTqC5v9sXkBj7STiGTR7IBt0btGRHPUazfSq9LU=,0,P|1|4|37|28242|6912|276|R003|119|MARCINKUS|4|||KEDZIE POINT||||||CHARLOTTE|NC|0|1|202002|4|S|4|H|1|S|1|S|5|S|C|H|Y|4|H|3|S|3|S||1|H|3|||||1||||||||1|02|00|25006E7603132000B39FD8|4|2|FREIDA|T|2|S|3|202002|022|S|022|S|S|19971211|0|1|35.14764023|-80.99816895|0||||||||||||||||Y||||||||B1|0383S|236|0|B2|A2|B1|A2|A|G|H|||0031|0295|201502|0259|0233||0233||201502|||F|0||0|88|H|2014|A|09|12|0227|1|06|||||||||||||N||I|202005|F|N||N||Y|202002|Y|202002|N||N|||||N||I|202002|B2|||||||||||||||||||||||||||||||||||||||||||||||||||||||||||||||||||||||||||||||||||||||||||||011850|009280|||||1|1|2|09|11|||||201702|201405|||||G|G|||||201902|201605|||||AUDI|HONDA|||||H|L|||||||||||A3|PILOT|||||1|1|0|0|0|0|22|18|||||2016|2011|||||0371190001001017,,9,Preferred,Super Prime,Exceptional, 12/11/1997,,Freida, Marcinkus, Charlotte,28242, NC, 4 Kedzie Point,[],False
7,ce45010c-fba6-4d4e-90c2-44e2e92514ad,heimdal_test_PFR_service-000007,Success,2.1,Mixed,Artificial match,840,3LRG46THeNqayD+bXOUMpHrGMYjleCCN0Ky1Z0FPXdg=,0,P|1|4|37|28242|6912|276|R003|119|MARCINKUS|4|||KEDZIE POINT||||||CHARLOTTE|NC|0|1|202002|4|S|4|H|1|S|1|S|5|S|C|H|Y|4|H|3|S|3|S||1|H|3|||||1||||||||1|02|00|24002C69030E0C006F8C0A|1|1|RAIMUND|A|1|S|1|201912|044|S|044|S|S|19750930|0|1|35.14764023|-80.99816895|0||||||||||||||||Y||||||||B1|0383S|236|0|B2|A2|B1|A2|A|G|H|||0031|0295|201502|0259|0233||0233||201502|||F|0||0|88|H|2014|A|09|12|0227|1|06|||||||||||||N||I|202005|F|N||N||Y|202002|Y|202002|N||N|||||N||I|202002|B2|||||||||||||||||||||||||||||||||||||||||||||||||||||||||||||||||||||||||||||||||||||||||||||011850|009280|||||1|1|2|09|11|||||201702|201405|||||G|G|||||201902|201605|||||AUDI|HONDA|||||H|L|||||||||||A3|PILOT|||||1|1|0|0|0|0|22|18|||||2016|2011|||||0371190001001017,,9,Preferred,Super Prime,Exceptional, 09/30/1975,,Raimund, Marcinkus, Charlotte,28242, NC, 4 Kedzie Point,[],False
8,6f21712c-e463-4fa2-8a56-a6795d90c9e9,heimdal_test_PFR_service-000008,Success,2.1,Mixed,Artificial match,840,yAhGu80Ha3PlBwtoatGR4qgy9+/VBzRK5KIWhWy4gWY=,0,S||4|37|28242|6912|276|R003|119|VELAZQUEZ|4|||KEDZIE POINT||||||CHARLOTTE|NC|0|1|201812|3|H|2|S|2|H|1|S|5|S|B|H|W|4|H|3|S|1|S|1|1|S||||||2||||4||||2|13|00|24002C69030F9C0004520B|3|2|NICOLE|L|2|H|1|201812|042|S|042|S|S|19770611|3|4|35.14764023|-80.99816895|0|201510|S|0|||||||||||||||||||||C2|0365H|189|0|C2|B2|B2|B2||||||||||||||||||0||0|||||08|08||1|05|||||||||||||N|||||Y|201603|N||N||N||N||N||B|I|202001|N||I|202005|C2|N||||||||||||||||||||||||||||||||||||||||||||||||||||||||||||||||||||||||||||||||||||||||||||016600||||||1||1|06||||||201910||||||G||||||201910||||||AUDI||||||H||||||||||||A6||||||1|0|0|0|0|0|22||||||2016||||||0371190001001017,,9,Preferred,Super Prime,Exceptional, 06/11/1977,,Nicole, Velazquez, Charlotte,28242, NC, 4 Kedzie Point,[],False
9,dae89ec6-7abb-458c-9107-4d2d1b45df28,heimdal_test_PFR_service-000009,Success,2.1,Mixed,Artificial match,840,jmLCQIvxqwGmYhghr0u28ARNZvjadFwkAkR+u6zL/5k=,0,P|1|4|37|28242|6912|276|R003|119|MARCINKUS|4|||KEDZIE POINT||||||CHARLOTTE|NC|0|1|202002|4|S|4|H|1|S|1|S|5|S|C|H|Y|4|H|3|S|3|S||1|H|3|||||1||||||||1|02|00|25006E7603132000B39FD8|4|2|FRIDA|T|1|S|3|202002|058|S|058|S|S|19620902|0|1|35.14764023|-80.99816895|0||||||||||||||||Y||||||||B1|0383S|236|0|B2|A2|B1|A2|A|G|H|||0031|0295|201502|0259|0233||0233||201502|||F|0||0|88|H|2014|A|09|12|0227|1|06|||||||||||||N||I|202005|F|N||N||Y|202002|Y|202002|N||N|||||N||I|202002|B2|||||||||||||||||||||||||||||||||||||||||||||||||||||||||||||||||||||||||||||||||||||||||||||011850|009280|||||1|1|2|09|11|||||201702|201405|||||G|G|||||201902|201605|||||AUDI|HONDA|||||H|L|||||||||||A3|PILOT|||||1|1|0|0|0|0|22|18|||||2016|2011|||||0371190001001017,,9,Preferred,Super Prime,Exceptional, 12/11/1999,,Frida, Marcinkus, Charlotte,28242, NC, 4 Kedzie Point,[],False
10,734f9135-bd4c-405d-81e3-9bad5c3c5f3e,heimdal_test_PFR_service-000010,Success,2.1,Declining,Artificial match,740,eCNG4GCqYZzNfhEt0iSiT3z46un0vCDaZ7gwm2qYUPE=,0,P|1|4|06|91125|4134|465|C024|037|HUARD|86|||LONDONDERRY TERRACE||||||PASADENA|CA|0|1|201812|4|S|7|S|1|S|1|S|6|S|9|H|Q|4|H|7|S|5|S|2|1|S||1|||2|2|||4|||4||3|01|20|06016396031324004D5DE0|3|2|LORALIE|U|2|H|3|201812|042|S|||||2|1|34.09944916|-118.17015076|0|200412|S|0|201912|S|0|||||||||Y|Y||||||||E1|1058H|124|9|A1|A1|A1|A1||||||||||||||||||0||0|||||12|14|0056|1|08|||Y||||||||||N|||||N||N||N||N||N||N||E|D|201907|N||D|202005|A1|N|||||||||Y|||||||Y||||||||||||||Y||||||||||||||||||||||||Y||||||||||||||||||||||||||||||||||||||003350|000730|||||1||2|09|08|||||201101|200105|||||G|G|||||201307|200105|||||HONDA|CHRYSLER|||||L|C||||||I|||||ACCORD|VOYAGER|||||1|1|0|0|0|0|22|19|||||2008|2001|||||0060374619021005,,6,Standard,Super Prime,Very Good, 03/06/1980,,Loralie, Huard, Pasadena,91125, CA, 86 Londonderry Terrace,[],False
11,6f80e319-8ccc-4a9c-9c22-e972b62b2606,heimdal_test_PFR_service-000011,Success,2.1,Declining,Artificial match,740,4UEvKZLYe6MyMu17ONZ2pV+PiCFj5Hfiees1yEYlOCk=,0,P|1|4|06|91125|4134|465|C024|037|HUARD|86|||LONDONDERRY TERRACE||||||PASADENA|CA|0|1|201812|4|S|7|S|1|S|1|S|6|S|9|H|Q|4|H|7|S|5|S|2|1|S||1|||2|2|||4|||4||3|01|20|0601644303106900044170|3|2|YAJEE|J|2|H|3|201805|048|S|||||0|7|34.09944916|-118.17015076|0|200412|S|0|201912|S|0|||||||||Y|Y||||||||E1|1058H|124|9|A1|A1|A1|A1||||||||||||||||||0||0|||||12|14|0056|1|08|||Y||||||||||N|||||N||N||N||N||N||N||E|D|201907|N||D|202005|A1|N|||||||||Y|||||||Y||||||||||||||Y||||||||||||||||||||||||Y||||||||||||||||||||||||||||||||||||||003350|000730|||||1||2|09|08|||||201101|200105|||||G|G|||||201307|200105|||||HONDA|CHRYSLER|||||L|C||||||I|||||ACCORD|VOYAGER|||||1|1|0|0|0|0|22|19|||||2008|2001|||||0060374619021005,,6,Standard,Super Prime,Very Good, 07/04/1985,,Yajee, Huard, Pasadena,91125, CA, 86 Londonderry Terrace,[],False
12,76e55afc-5062-4dfd-af9c-c7cfa12eb1a7,heimdal_test_PFR_service-000012,Success,2.1,Declining,Artificial match,740,Oa31u3qJd1CI1vQdxhWb2E9m9UtGeimGyc/NPEoPXDc=,0,P|1|4|06|91125|4134|465|C024|037|HUARD|86|||LONDONDERRY TERRACE||||||PASADENA|CA|0|1|201812|4|S|7|S|1|S|1|S|6|S|9|H|Q|4|H|7|S|5|S|2|1|S||1|||2|2|||4|||4||3|01|20|06016396030E0C00600C6F|1|1|MOHAMMED|M|1|S|1|201711|082|S|082|S|I|19370901|4|5|34.09944916|-118.17015076|0|200412|S|0|201912|S|0|||||||||Y|Y||||||||E1|1058H|124|9|A1|A1|A1|A1||||||||||||||||||0||0|||||12|14|0056|1|08|||Y||||||||||N|||||N||N||N||N||N||N||E|D|201907|N||D|202005|A1|N|||||||||Y|||||||Y||||||||||||||Y||||||||||||||||||||||||Y||||||||||||||||||||||||||||||||||||||003350|000730|||||1||2|09|08|||||201101|200105|||||G|G|||||201307|200105|||||HONDA|CHRYSLER|||||L|C||||||I|||||ACCORD|VOYAGER|||||1|1|0|0|0|0|22|19|||||2008|2001|||||0060374619021005,,6,Standard,Super Prime,Very Good, 09/01/1937,,Mohammed, Huard, Pasadena,91125, CA, 86 Londonderry Terrace,[],False
13,dd9eed0f-895a-4c98-8893-5163a78e1585,heimdal_test_PFR_service-000013,Success,2.1,Declining,Artificial match,740,MioibVsAGbTJAXs72FqCenUyXvegIRrNHOLVMTM6Bx4=,0,P|1|4|06|91125|4134|465|C024|037|HUARD|86|||LONDONDERRY TERRACE||||||PASADENA|CA|0|1|201812|4|S|7|S|1|S|1|S|6|S|9|H|Q|4|H|7|S|5|S|2|1|S||1|||2|2|||4|||4||3|01|20|06016396031193000F7FD7|3|2|TERESSA|S|1|S|3|201812|043|S|043|S|I|19770201|0|7|34.09944916|-118.17015076|0|200412|S|0|201912|S|0|||||||||Y|Y||||||||E1|1058H|124|9|A1|A1|A1|A1||||||||||||||||||0||0|||||12|14|0056|1|08|||Y||||||||||N|||||N||N||N||N||N||N||E|D|201907|N||D|202005|A1|N|||||||||Y|||||||Y||||||||||||||Y||||||||||||||||||||||||Y||||||||||||||||||||||||||||||||||||||003350|000730|||||1||2|09|08|||||201101|200105|||||G|G|||||201307|200105|||||HONDA|CHRYSLER|||||L|C||||||I|||||ACCORD|VOYAGER|||||1|1|0|0|0|0|22|19|||||2008|2001|||||0060374619021005,,6,Standard,Super Prime,Very Good, 02/01/1977,,Teressa, Huard, Pasadena,91125, CA, 86 Londonderry Terrace,[],False
14,b27d3139-b918-44a7-9adf-1270ea5eee4b,heimdal_test_PFR_service-000014,Success,2.1,Declining,Artificial match,740,GoLdPHPfJ6eYx9YgybXqwXao6AeOWYwsmiCxnDGYcvo=,0,P|1|4|06|91125|4134|465|C024|037|HUARD|86|||LONDONDERRY TERRACE||||||PASADENA|CA|0|1|201812|4|S|7|S|1|S|1|S|6|S|9|H|Q|4|H|7|S|5|S|2|1|S||1|||2|2|||4|||4||3|01|20|24002729030FFE0001516F|3|2|JUNE|M|2|H|3|201802|052|S|052|S|S|19670907|0|3|34.09944916|-118.17015076|0|200412|S|0|201912|S|0|||||||||Y|Y||||||||E1|1058H|124|9|A1|A1|A1|A1||||||||||||||||||0||0|||||12|14|0056|1|08|||Y||||||||||N|||||N||N||N||N||N||N||E|D|201907|N||D|202005|A1|N|||||||||Y|||||||Y||||||||||||||Y||||||||||||||||||||||||Y||||||||||||||||||||||||||||||||||||||003350|000730|||||1||2|09|08|||||201101|200105|||||G|G|||||201307|200105|||||HONDA|CHRYSLER|||||L|C||||||I|||||ACCORD|VOYAGER|||||1|1|0|0|0|0|22|19|||||2008|2001|||||0060374619021005,,6,Standard,Super Prime,Very Good, 09/07/1967,,June, Huard, Pasadena,91125, CA, 86 Londonderry Terrace,[],False
15,a5ed25e5-3657-4a02-a198-44941e94ab6c,heimdal_test_PFR_service-000015,Success,2.1,Improving,Artificial match,575,i25l20ba6lzcdZNA6v3idRRz/n8sxY0Y4bIvOiIpZKA=,0,S||4|48|76147|2511|318|C013|439|CRUMBIE|6263|||CHARING CROSS|CT|||||FORT WORTH|TX|0|1|201609|3|H|1|S|2|H|1|S|6|S|5|H|7|2|H|3|S|1|S||0|H||||||1||||||||1|12|00|300129520310020007A9FF|1|1|BARTON|L|2|H|1|201609|044|S|044|S|I|19750601|0|7|32.78067780|-97.40361786|0||||||||||||||||Y||||||||R2|0161H|45|2|E1|E2|E1|E1||||||||||||||||||0||0|||||02|01||7|01|||||||||||||N|||||N||N||N||N||N||N||V|I|201808|N||D|202005|E1||||||||||||||||||||||||||||||||||||||||||||||||||||||||||||||||||||||||||||||||||||||||||||||||||||||||||||||||||||||||||||||||||||||||||||||||||||||||||||||||||||||||0484391235001059,,3,Non-standard,Deep subprime,Fair, 06/01/1975,,Barton, Crumbie, Fort Worth,76147, TX, 6263 Charing Cross Ct,[],False
16,daa72f73-35e7-4886-b1d4-153e88dcb2bb,heimdal_test_PFR_service-000016,Success,2.1,Mixed,Artificial match,480,6rUNpJjJkhsB8a1ziOaE9kFVR20IKnTovpfORqv6rwA=,0,P|1|4|42|15235|1604|018|C004|003|PAPAMINAS|956|||OAKRIDGE CIRCLE||||||PITTSBURGH|PA|0|1|202001|4|S|3|S|2|H|1|S|4|S|5|H|6|3|H|3|S|1|S|2|1|S||||||2||||4||||2|13|00|2A003B6A031190000523E6|3|2|MAUDIE|R|2|H|1|202001|038|S|038|S|S|19811126|0|1|40.41545868|-79.83466339|1|201406|S|0|201602|S|0|||||||||||Y|||||||Q2|0085S|47|1|B2|C2|C2|D3|T||F|G|27||0066|201410|0018|||||||||0||0||C|1920|C|03|02|0255|7|01|||||||||||||N|||||Y|201605|N||N||N||N||N||Q|D|202005|N||D|202005|B2|N||||||||||||||||||||||||||||||||||||||||||||||||||||||Y|||||||||||||||||||||||||||||||||||||||||||||||||||||||||||||||||||||||||||||||||||||||||||||||||||||||||||||||||1420035236002002,,1,Non-standard,Deep subprime,Poor, 11/26/1981,,Maudie, Papaminas, Pittsburgh,15235, PA, 956 Oakridge Circle,[],False
17,183d4d03-5e82-4c1c-b693-128d914b67fa,heimdal_test_PFR_service-000017,Success,2.1,Declining,Artificial match,656,0yJnpnerFL9N3ZaGD4pBZx8T27RrxXZmgex3R9iGxjA=,0,S||3|12|33124|2402|706|C066|086|OULNER|98301|||FARMCO DRIVE||||||MIAMI|FL|0|1|201811|3|H|1|S|2|H|1|S|4|S|8|H|L|2|H|2|S|1|S||0|H|||||||2|||||||1|14|00|0C0081970313890024ABDA|3|2|JULIANN||2|H|1|201811|030|S|030|S|S|19900221|0|4|25.74462891|-80.38622284|0|||||||||||||||||Y|Y|||||Y|J4|0378H|143|6|D3|E1|E1|E2||||||||||||||||||0||0|||||08|11||3|05|||||||||||||N|||||N||N||N||N||N||N|||||N||D|202003|D3|||||||||||||||||||||||||||||||||||||||||||||||||||||||||||||||||||||||||||||||||||||||||||||002150||||||1||1|09||||||201203||||||G||||||201904||||||NISSAN||||||L||||||E||||||ALTIMA||||||1|0|0|0|0|0|22||||||2008||||||0120860074002064,,4,Non-standard,Near Prime,Good, 02/21/1990,,Juliann, Oulner, Miami,33124, FL, 98301 Farmco Drive,[],False
18,d561bd92-21ea-4852-b40d-05ad934eca9a,heimdal_test_PFR_service-000018,Success,2.1,Mixed,Artificial match,675,oA0zzwyNLhRbdBaemgDLQ5Iz4Sg0AgjpV0jJFU2NKY8=,0,P|1|4|08|80279|1333|577|C066|031|KLEINERT|9|||BARTELT|PKWY|||||DENVER|CO|0|1|201811|2|H|1|S|2|H|2|S|4|S|2|H|1|2|H|2|S|1|S||0|H|||||||4|||||||1|16|00|080139770313EE0034CA25|||GUY|I|2|H|1|201811|034|S|034|I|I|19850601|0|4|39.70503998|-104.87526703|1|||||||||||||||||Y|Y|||||Y|V3||15|0|D3|D3|E2|D2||||||||||||||||||0||0|||||01|01||6|01|||||||||||||N|||||N||N||N||N||N||N|||||N||D|202001|D3|||||||||||||||||||||||||||||||||||||||||||||||||||||||||||||||||||||||||||||||||||||||||||||005450|||||||1|1|11||||||201610||||||G||||||202001||||||FORD||||||F||||||||||||ESCAPE||||||1|0|0|0|0|0|18||||||2013||||||1080310027011003,,5,Standard,Prime,Good, 06/01/1985,,Guy, Kleinert, Denver,80279, CO, 9 Bartelt Parkway,[],False
19,1d2e2d12-0dee-4280-a6e2-3db0af548362,heimdal_test_PFR_service-000019,Success,2.1,Improving,Artificial match,795,o0hT/USp93ETKSczAo2E30huG9Q732qwWM2Lsffyx7w=,0,P|1|4|36|11054|2059|598|B028|090|CHANTRELL||||||||PO BOX 72059||PORT WASHINGTON|NY|0|3|201909|1|S|3|S|1|S|0|S|5|S|8|S|J|4|S|2|S|2|S|1|1|S||||||1|2||||4|||2|01|05|0201857B031132000088D1|4|2|TINA|B|1|S|1|201909|034|S|034|S|I|19851001|0|3|64.84261322|-147.72442627|5|201306|S|0||||||||||||||Y||Y|||Y|Y|F7||155|2|C1|C2|C2|C1||||||||||||||||||0||0|||||06|04||6|02|||||||||||||N|||||N||N||Y|201010|N||N||N|||||N||D|202005|C1|N||||||||||||||||||Y||||||||||||||||||||Y|||||||||||||||||||||||||||||||||||||||||||||||||||||||||||||||||||||||||||||||||||||||||||||||||||||||||||||||||||||||||||||||||1360593011022002,,8,Standard,Super Prime,Very Good, 10/01/1985,,Tina, Chantrell, Port Washington,11054, NY, PO BOX 72059,[],False
20,6dc67618-2125-437e-a52d-f0c742ce204b,heimdal_test_PFR_service-000020,Success,2.1,Improving,Artificial match,795,PDZl6zF+YNLohb1qo+xXxYeDRYKh0J/IFai5SB8YjKE=,0,P|1|4|36|11054|2059|598|B028|090|CHANTRELL||||||||PO BOX 72059||PORT WASHINGTON|NY|0|3|201909|1|S|3|S|1|S|0|S|5|S|8|S|J|4|S|2|S|2|S|1|1|S||||||1|2||||4|||2|01|05|0201857B0311F6002A5965|1|1|AUGUSTINE|W|1|S|3|201909|036|S|036|S|S|19840402|0|3|64.84261322|-147.72442627|5|201306|S|0||||||||||||||Y||Y|||Y|Y|F7||155|2|C1|C2|C2|C1||||||||||||||||||0||0|||||06|04||6|02|||||||||||||N|||||N||N||Y|201010|N||N||N|||||N||D|202005|C1|N||||||||||||||||||Y||||||||||||||||||||Y|||||||||||||||||||||||||||||||||||||||||||||||||||||||||||||||||||||||||||||||||||||||||||||||||||||||||||||||||||||||||||||||||1360593011022002,,8,Standard,Super Prime,Very Good, 04/02/1984,,Augustine, Chantrell, Port Washington,11054, NY, PO BOX 72059,[],False
21,586c92cf-560f-4af7-be60-4213408a3975,heimdal_test_PFR_service-000021,Success,2.1,Mixed,Artificial match,612,aCJDAXbI6jqY1qKJ4mZ0RoTDvmCVnRqwULDEr0OIPNw=,0,P|1|4|36|14624|4000|517|C058|061|THOMKE|0722|||WAUBESA|TRL|||||ROCHESTER|NY|0|1|202003|4|S|3|S|1|S|2|S|8|S|9|S|O|5|S|5|S|2|S|1|1|S||||3||||||||4||2|01|19|2400271B030E0C000436A6|1|1|EDWARD|I|1|S|1|201906|059|S|059|S|S|19600604|0|7|40.74203110|-73.99809265|0|200501|I|0||||||||||Y|||||||||||E2|1006H|123|9|A2|B1|A1|A1||||||||||||||||||0||0|||||12|14|0003|2|08|||||||||||||N|||||N||N||Y|201904|Y|201904|N||N||E|D|201505|N||I|201907|A2|N|||||||||Y|||||||Y||||||||||||||||||||||||||||||||||||Y||Y|||Y|Y||||||||||||||||||||||||||||||||||009580|||||||1|1|03||||||201007||||||F||||||201604||||||CHEVROLET||||||G||||||C||||||SUBURBAN||||||1|0|0|0|0|0|18||||||2009||||||0360550142021016,,4,Non-standard,Sub Prime,Fair, 06/04/1960,,Edward, Thomke, Rochester,14624, NY, 0722 Waubesa Trl,[],False
22,11f636ea-8905-413c-a54c-c3e57f5c7c6a,heimdal_test_PFR_service-000022,Success,2.1,Mixed,Artificial match,675,Qfjp1ilMkvBXJfkQ7VqbgsY9gT5LjSjHNJphKFcY/Bc=,0,P|1|4|36|14624|4000|517|C058|061|THOMKE|0722|||WAUBESA|TRL|||||ROCHESTER|NY|0|1|202003|4|S|3|S|1|S|2|S|8|S|9|S|O|5|S|5|S|2|S|1|1|S||||3||||||||4||2|01|19|2400271B030FFE00005902|4|2|ELNA|T|1|S|3|202003|057|S|057|S|S|19621209|0|7|40.74203110|-73.99809265|0|200501|I|0||||||||||Y|||||||||||E2|1006H|123|9|A2|B1|A1|A1||||||||||||||||||0||0|||||12|14|0003|2|08|||||||||||||N|||||N||N||Y|201904|Y|201904|N||N||E|D|201505|N||I|201907|A2|N|||||||||Y|||||||Y||||||||||||||||||||||||||||||||||||Y||Y|||Y|Y||||||||||||||||||||||||||||||||||009580|||||||1|1|03||||||201007||||||F||||||201604||||||CHEVROLET||||||G||||||C||||||SUBURBAN||||||1|0|0|0|0|0|18||||||2009||||||0360550142021016,,5,Standard,Prime,Good, 12/09/1962,,Elna, Thomke, Rochester,14624, NY, 0722 Waubesa Trail,[],False
23,a7504ee2-d215-404f-a3da-d90cf2e1391c,heimdal_test_PFR_service-000023,Success,2.1,Declining,Artificial match,707,8VDaqWBYLx8r2oStaltz9hiz3NHCpihLRovOLSjOcBE=,0,P|1|4|51|23454|1641|281|C054|037|RENACHOWSKI|77|||CHINOOK|PT|||||VIRGINIA BEACH|VA|0|1|202002|4|S|3|H|1|S|1|S|1|S|D|H|Z|4|H|3|S|2|S||1|H||||||1|2|||||||1|02|00|06015FC00310020001A6AF|1|1|RED|A|1|S|1|201912|043|S|043|S|S|19760909|2|1|34.15924835|-118.45194244|0||||||||||||||Y||Y|Y||Y||||Y|B1|2535S|988|8|A1|A1|A2|A1|||F|||0558||201909|1950|1520||1520||201909|||C|0||0|73|J|2017|A|12|14|1520|8|07|||||||||||||N|||||N||N||Y|201911|N||N||N||D|D|202001|N|||||||||||||||||||||||||||||||||||||||||||||||||||||||||||||||||||||||||||||||||||||||||||||||||037930||||||||1|||||||201702||||||L||||||201709||||||TESLA||||||O||||||A||||||MODEL S||||||1|0|0|0|0|0|22||||||2016||||||0518100454071012,,5,Standard,Prime,Good, 09/09/1976,,Red, Renachowski, Virginia Beach,23454, VA, 77 Chinook Pt,[],False
24,100777bc-a78d-4a8e-ba5f-2b108f0010c4,heimdal_test_PFR_service-000024,Success,2.1,Declining,Artificial match,707,b2HHR+H9DlrRtSD7NT00NhjCrdtIbkUvwkk/m5dQyfE=,0,P|1|4|51|23454|1641|281|C054|037|RENACHOWSKI|77|||CHINOOK|PT|||||VIRGINIA BEACH|VA|0|1|202002|4|S|3|H|1|S|1|S|1|S|D|H|Z|4|H|3|S|2|S||1|H||||||1|2|||||||1|02|00|0601650B0314B7016C6C3D|3|2|RUBI|L|1|S|3|202002|034|S|034|S|S|19860207|0|1|34.15924835|-118.45194244|0||||||||||||||Y||Y|Y||Y||||Y|B1|2535S|988|8|A1|A1|A2|A1|||F|||0558||201909|1950|1520||1520||201909|||C|0||0|73|J|2017|A|12|14|1520|8|07|||||||||||||N|||||N||N||Y|201911|N||N||N||D|D|202001|N|||||||||||||||||||||||||||||||||||||||||||||||||||||||||||||||||||||||||||||||||||||||||||||||||037930||||||||1|||||||201702||||||L||||||201709||||||TESLA||||||O||||||A||||||MODEL S||||||1|0|0|0|0|0|22||||||2016||||||0518100454071012,,5,Standard,Prime,Good, 02/07/1986,,Rubi, Renachowski, Virginia Beach,23454, VA, 77 Chinook Pt,[],False
25,c3cc5edd-f3b2-4971-9f67-67dfca6598f1,heimdal_test_PFR_service-000025,Success,2.1,Mixed,Artificial match,675,QgQxJlnolpW+aUXK6UKcDBQB9fPOJJ2QDOUFIMzu1CE=,0,P|1|4|08|80503|1234|254|R028|013|SMITH|380|||MORROW|TER|||||LONGMONT|CO|0|1|202002|4|S|3|S|1|S|1|S|8|S|D|H|Z|4|H|5|S|3|S||0|H||||3||||1||||||2|02|00|08013A77030ED800011AB7|1|1|ROBERT|T|1|S|3|202002|056|S|056|S|S|19630703|0|1|40.14584732|-105.15351105|0|||||||||||||Y||||Y|Y||Y|Y|||C3|0728S|194|9|A1|A1|A1|A1|T||A|C||0186|0560|200406|0358||0113|0130|0113|200907|0572|F|C|1|201207|1|57|G|1993|A|12|14|0130|4|10|||||||||||||N||I|202005|K|N||Y|200701|N||N||N||N||C|I|201807|N||I|202001|A1||||||||||||||||||||||||||Y|Y||Y|Y|||||||||||||||||||||||||Y||||Y||||||||||||||||||||||||||||||||||003000|||||||1|1|11||||||200902||||||G||||||201705||||||FORD||||||F||||||A||||||ESCAPE||||||1|0|0|0|0|0|18||||||2009||||||0080130132132016,,5,Standard,Prime,Good, 07/03/1963,,Robert, Smith, Longmont,80503, CO, 380 Morrow Terrace,[],False
26,c95cc0db-f9d5-45f9-a112-c1add055a0a1,heimdal_test_PFR_service-000026,Success,2.1,Improving,Artificial match,715,0cQ6kX4lDBkagZWHTySJsM8/JOMaFDPZVqg3AjasIeI=,0,P|1|4|48|73301|1234|510|C008|011|AUTTERSON|1295|||BETTY LANE||||||AUSTIN|TX|0|1|202003|4|S|6|S|1|S|1|S|6|S|5|S|7|4|S|3|S|2|S|4|1|S||||||2|||4|4|4|2||2|07|13|0C00810003112900044F23|3|2|CHRIS||1|S|1|202003|059|S|059|S|S|19600909|1|1|26.01110077|-80.23713684|0|200606|S|2|201301|S|0|201607|S|0|201711|S|0||||Y||||||||K4|0253H|50|1|D3|C1|D2|E2||||||||||||||||||0||0|||||03|01|0014|4|01|||||||||||||N|||||Y|200701|N||Y|201001|N||N||N|||||N||I|202005|D3|Y|202005||||||||Y|||Y||||||Y||Y||||Y|Y|Y||Y||Y|||Y|||||||||||||||Y|Y|Y||Y||Y|Y|||||||||||||||||||||||||||||||||||||005080|004850|001400||||2||3|08|02|09||||201211|201104|200811||||G|G|G||||201911|201805|200811||||NISSAN|TOYOTA|NISSAN||||L|L|L||||A|A|||||QUEST|CAMRY|ALTIMA||||1|2|1|0|0|0|19|22|22||||2012|2011|2006||||0484530017191008,,6,Standard,Prime,Good, 09/09/1960,,Chris, Autterson, Austin,73301, TX, 1295 Betty Lane,[],False
27,1ab161e0-b18e-4343-a77b-7888c35dbc72,heimdal_test_PFR_service-000027,Success,2.1,Improving,Artificial match,715,sTkCeQFm8ln+6x34D/bmCpv5WZ99xeJR/GNtqNUi0z4=,0,P|1|4|48|73301|1234|510|C008|011|AUTTERSON|1295|||BETTY LANE||||||AUSTIN|TX|0|1|202003|4|S|6|S|1|S|1|S|6|S|5|S|7|4|S|3|S|2|S|4|1|S||||||2|||4|4|4|2||2|07|13|0C0081010312C1000B8B7E|3|2|SHERI||2|H|3|201902|051|S|051|S|S|19680824|0|1|26.01110077|-80.23713684|0|200606|S|2|201301|S|0|201607|S|0|201711|S|0||||Y||||||||K4|0253H|50|1|D3|C1|D2|E2||||||||||||||||||0||0|||||03|01|0014|4|01|||||||||||||N|||||Y|200701|N||Y|201001|N||N||N|||||N||I|202005|D3|Y|202005||||||||Y|||Y||||||Y||Y||||Y|Y|Y||Y||Y|||Y|||||||||||||||Y|Y|Y||Y||Y|Y|||||||||||||||||||||||||||||||||||||005080|004850|001400||||2||3|08|02|09||||201211|201104|200811||||G|G|G||||201911|201805|200811||||NISSAN|TOYOTA|NISSAN||||L|L|L||||A|A|||||QUEST|CAMRY|ALTIMA||||1|2|1|0|0|0|19|22|22||||2012|2011|2006||||0484530017191008,,6,Standard,Prime,Good, 08/24/1968,,Sheri, Autterson, Austin,73301, TX, 1295 Betty Lane,[],False
28,31e16c22-2d7d-4309-a840-35f4a294b3f3,heimdal_test_PFR_service-000028,Success,2.1,Improving,Artificial match,715,bh8f1xjqBYZCB1/kgEn/CKtPaFkjeWAsJvRvVDkAI94=,0,P|1|4|48|73301|1234|510|C008|011|WESTGARTH|1295|||BETTY LANE||||||AUSTIN|TX|0|1|202001|4|S|1|S|2|S|1|S|7|S|6|H|9|3|H|3|S|1|S||0|H||||||1||||||||1|12|00|0C008100030ED50005226D|1|1|TYRONE|K|2|S|1|202001|027|S|027|S|S|19930410|0|4|26.01110077|-80.23713684|0||||||||||||||||Y||||||||Q3|0364S|64|1|C1|B2|B1|C1|G|||G||0161|0280|200402|0200|||0070||201604||F|C|1||0|30|F|1963|A|03|02|0064|8|03|||||||||||||N||I|202003|F|N||Y|200701|N||N||N||N||R|I|201809|N||D|202001|C1|||||||||||||||||||||||||||||||||||||||||||||||||||||||||||||||||||||||||||||||||||||||||||||004850|||||||1|1|03||||||200809||||||G||||||201908||||||DODGE||||||C||||||A||||||RAM PICKUP 1500||||||1|0|0|0|0|0|14||||||2008||||||0484530017191008,,6,Standard,Prime,Good, 04/10/1993,,Tyrone, Westgarth, Austin,73301, TX, 1295 Betty Lane,[],False
29,ee0f262b-cdbe-4363-911e-07089f1e087a,heimdal_test_PFR_service-000029,Success,2.1,Improving,Artificial match,715,Kix4To7iG94ayULVP8bxJE990T0ZzwCyo4dmItzKT30=,0,P|1|2|48|73301|1234|510|C008|011|SHARMA|1295|||BETTY LANE||||||AUSTIN|TX|0|1|202002|3|H|1|S|2|H|1|S|5|S|5|H|6|3|H|3|H|1|S||0|H|2|||||||||||||1|14|00|0C0081000311F800F1C1DB|3|2|CARISSA|E|2|H|1|202002|037|H|037|S|S|19830423|2|7|26.01110077|-80.23713684|0||||||||||||||||||||||||J3|0244H|48|0|D3|E2|E1|E2||||||||||||||||||0||0|||||01|01||8|01|||||||||||||N|||||N||N||N||N||N||N|||||N||D|202005|D3|||||||||||||||||||||||||||||||||||||||||||||||||||||||Y|||||||||||||||||||||||||||||||||||||||||||||||||||||||||||||||||||||||||||||||||||||||||||||||||||||||||||||||||0484530017191008,,6,Standard,Prime,Good, 04/23/1983,,Carissa, Sharma, Austin,73301, TX, 1295 Betty Lane,[],False
30,701e4640-6888-4e96-ac8c-a45b5f7c79dd,heimdal_test_PFR_service-000030,Success,2.1,Declining,Artificial match,580,2K7vI/b7ZRLxIyaJHlfVSzNUK/Ez1WpPkpZN3fcGJzs=,0,P|1|4|48|75204|1234|748|C053|079|SMITH|55|||MAIN|ST|||||DALLAS|TX|0|1|202003|4|S|1|S|2|S|1|S|6|S|6|S|C|2|S|3|S|1|S||0|H||||||1||||||||1|12|10|3700CFD7030E0C001B3C73|1|1|JEFFERSON|S|2|S|1|202003|045|S|045|S|S|19750725|0|4|42.98497009|-87.94206238|0||||||||||||||||Y||||||||L1|0141S|107|3|C2|B2|D1|B2|A||A|||0000|0109|200702|0135|||0110||201509|||F|1||0|126|B|1941|A|09|04|0110|6|02|||||||||||||N||D|201008|C|N||N||N||N||N||Y|200911||||N||D|202005|C2||||||||||||||Y|||||Y|Y||||||Y||||Y|Y|||||||||||Y|Y||Y|Y|||||||Y||Y|||Y|Y||Y|||||03|||||||||Y|||||||||||||||CHEVROLET|CAPRICE|1992|031880|001800|||||2|2|4|03|04|06|06|||201801|201809|200209|199905|||D|G|G|G|||201908|201809|201212|201210|||CHEVROLET|CHEVROLET|MERCURY|CHEVROLET|||G|G|F|G|||||||||SILVERADO 2500HD|TRAILBLAZER|TRACER|CAMARO|||1|1|1|1|0|0|14|18|22|21|||2016|2005|1991|1989|||1481130016002034,,3,Non-standard,Deep subprime,Fair, 07/25/1975,,Jefferson, Smith, Dallas,75204, TX, 55 Main St,[],False
31,3d9d12d8-54f2-48dd-8138-94a1a8c9731d,heimdal_test_PFR_service-000031,Success,2.1,Declining,Artificial match,580,q/dsAFQCkNi51FWEkDQt+bd098U3Nfw0yW2tcKJ+uzY=,0,P|1|4|48|75204|1234|748|C053|079|KENNEDY|55|||MAIN|ST|||||DALLAS|TX|0|1|202001|3|H|1|S|2|H|1|S|5|S|3|H|3|2|H|5|S|1|S||0|H||||2||||||||||1|14|00|3700CF9E030E0C0012FD30|3|2|JENET|K|2|H|1|202001|045|S|045|S|S|19750625|0|7|42.98497009|-87.94206238|0||||||||||||||||||||||||X3|0121H|44|0|D1|E1|D3|E3||||||||||||||||||0||0|||||03|02||1|01|||||||||||||N|||||N||N||N||N||N||N|||||N||D|202005|D1|||||||||||||||||||||||||||||||||||||||||||||||||||||||||||||||||||||||||||||||||||||||||||||004930|||||||1|1|11||||||201901||||||F||||||202001||||||FORD||||||F||||||||||||ESCAPE||||||1|0|0|0|0|0|18||||||2011||||||1481130016002034,,3,Non-standard,Deep subprime,Fair, 06/25/1975,,Jenet, Kennedy, Dallas,75204, TX, 55 Main St,[],False
32,6b5e13b1-34af-485b-bb16-11a3287e936b,heimdal_test_PFR_service-000032,Success,2.1,Declining,Artificial match,800,3X0bQzZZ7fEqqnY27A12Q1Gi4kXDnlSpauJkHWoiLuY=,0,P|1|4|32|89012|4012|538|C095|013|HOVENDEN|6730|||COTTONWOOD|PT|||||HENDERSON|NV|0|1|202002|4|S|2|S|1|S|1|S|8|S|6|S|C|4|H|6|S|2|S||0|H|||3|||||||||||1|02|20|08013A75030E0C00345C7F|3|2|CARLITA|L|1|S|3|202002|067|S|067|S|S|19530301|1|4|40.17304993|-105.07704926|1|||||||||||||Y|Y||||||||||I3|0607S|42|6|A1|A1|A2|A1|T||A||11|0000|0467|199902|0600|2282|0177|2282|0177|199902|0648|V|C|0|201011|1|717|F|1999|A|09|12|2282|1|06|||||||||||||N||I|202005|J|N||N||N||N||N||N||N|I|201910|N||I|202001|A1|||||||||||||||Y||||Y||Y|||||Y|Y||Y|Y|Y||Y|Y|Y|||Y||||Y|||Y|Y|||||||Y|Y|Y||Y||Y|||||||03|||||||||||||||||||||||||||005630|002550|||||1|3|4|11|11|09|10|||200909|200809|199501|198911|||G|G|G|G|||201909|201705|201212|201203|||HONDA|HONDA|FORD|NISSAN|||L|L|F|L|||||||||ELEMENT|ELEMENT|THUNDERBIRD|TRUCK|||1|0|1|2|0|0|18|18|02|14|||2009|2004|1989|1986|||1320030053541008,,8,Standard,Super Prime,Very Good, 02/02/1954,,Carlita, Hovenden, Henderson,89012, NV, 6730 Cottonwood Pt,[],False
33,a9127831-e32e-423c-9b72-ef138cadcd9a,heimdal_test_PFR_service-000033,Success,2.1,Declining,Artificial match,800,qv5ysGzMrPSH8iqqFKBpld0n2dgDHtMpxinTV+RwxWw=,0,P|1|4|32|89012|4012|538|C095|013|HOVENDEN|6730|||COTTONWOOD|PT|||||HENDERSON|NV|0|1|202002|4|S|2|S|1|S|1|S|8|S|6|S|C|4|H|6|S|2|S||0|H|||3|||||||||||1|02|20|08013A75030E0C00345C80|1|1|GUALTERIO|J|1|S|1|202002|065|S|065|S|S|19550507|1|4|40.17304993|-105.07704926|1|||||||||||||Y|Y||||||||||I3|0607S|42|6|A1|A1|A2|A1|T||A||11|0000|0467|199902|0600|2282|0177|2282|0177|199902|0648|V|C|0|201011|1|717|F|1999|A|09|12|2282|1|06|||||||||||||N||I|202005|J|N||N||N||N||N||N||N|I|201910|N||I|202001|A1|||||||||||||||Y||||Y||Y|||||Y|Y||Y|Y|Y||Y|Y|Y|||Y||||Y|||Y|Y|||||||Y|Y|Y||Y||Y|||||||03|||||||||||||||||||||||||||005630|002550|||||1|3|4|11|11|09|10|||200909|200809|199501|198911|||G|G|G|G|||201909|201705|201212|201203|||HONDA|HONDA|FORD|NISSAN|||L|L|F|L|||||||||ELEMENT|ELEMENT|THUNDERBIRD|TRUCK|||1|0|1|2|0|0|18|18|02|14|||2009|2004|1989|1986|||1320030053541008,,8,Standard,Super Prime,Very Good, 05/07/1952,,Gualterio, Hovenden, Henderson,89012, NV, 6730 Cottonwood Pt,[],False
34,dfca4eed-d5eb-48a3-b90c-cc44a4345e67,heimdal_test_PFR_service-000034,Success,2.1,Improving,Artificial match,700,gPvudtWc8Q/2cOd3jHnRKj5OtExt/7gIPHQEVnh/tIk=,0,P|1|4|48|79171|5910|110|C042|375|WRATE|54687|||RIEDER|CIR|||||AMARILLO|TX|0|1|202004|4|S|1|S|2|S|1|S|4|S|5|S|7|4|S|4|S|1|S||0|H|||||2|||||||||1|14|06|300135020310CF0012C267|3|2|CHANDA|L|2|S|1|202004|054|S|054|S|I|19660421|0|6|35.19808960|-101.88583374|0||||||||||||||||Y||||||||Q3|0079S|86|1|B2|C2|C1|D3|O||F|G||0002|0061|201510|0060|0060||0060||201510|||C|0||0|97|B|1950|A|02|02|0054|5|01|||||||||||||N|||||N||N||N||N||N||N||U|D|202005|N||I|202005|B2|||||||||||||||||||Y||||||||||||Y||||||||||||||||||||||Y||||||||||||||||||||||||||||||||||||||||010350|005250|||||1|1|2|11|09|||||201601|201310|||||G|G|||||202001|201805|||||FORD|TOYOTA|||||F|L|||||A|A|||||ESCAPE|COROLLA|||||1|1|0|0|0|0|18|22|||||2016|2013|||||0483750116002003,,5,Standard,Prime,Good, 04/21/1966,,Chanda, Wrate, Amarillo,79171, TX, 54687 Rieder Cir,[],False
35,9db664c2-387f-40c2-aee3-3bf5ea1d5323,heimdal_test_PFR_service-000035,Success,2.1,Declining,Artificial match,670,7qr6GD6+OjZdv4DwrnKBzOEg/AXyE7XpeCLUFDgVb6Y=,0,P|1|4|48|78769|6250|200|C020|453|PAAL|1|||THACKERAY|DR|||||AUSTIN|TX|0|1|202004|4|S|1|S|2|S|1|S|8|S|6|H|B|2|H|5|S|1|S||0|H||||2||||||||||1|14|00|300133A6030E0C018B4A86|4|2|CHERYE|D|2|S|1|202004|063|S|063|S|S|19560909|3|1|30.37155914|-97.70819092|1|||||||||||||Y|||||||||||N1|0338S|51|5|B1|A2|A2|A2|||F|G||0131|0260|199611||||0122||201710|||C|1||0|48|D|1970|A|09|07|0122|2|05|||||||||||||N||I|201903|F|N||N||N||N||N||Y|201305|N|I|202005|N||D|202005|B1||||||||||Y|||||||||||||||||||Y|Y|||||||||||||||||||||||||Y||||||||||||||||||||||||||||||||||||||004350|000880|||||3||3|09|09|09||||201506|200507|199610||||F|G|G||||201506|201605|201212||||FORD|PONTIAC|NISSAN||||F|G|L||||D|H|||||FOCUS|SUNFIRE|SENTRA||||1|1|1|0|0|0|21|02|02||||2014|2005|1990||||1484530011001092,,5,Standard,Prime,Good, 09/09/1956,,Cherye, Paal, Austin,78769, TX, 1 Thackeray Dr,[],False
36,2d52293c-95b2-4046-856c-7148ba2ee460,heimdal_test_PFR_service-000036,Success,2.1,Declining,Artificial match,650,h8vlIS6zSP/LfQ8kGFrki17BcQuKFjNjk9YU+58r+X8=,0,P|1|4|48|79989|7202|416|R010|309|LARENSON|8|||JUDY|PKWY|||||EL PASO|TX|0|1|202004|4|S|1|S|2|S|1|S|2|S|6|H|9|3|H|5|S|1|S||0|H||||1||||||||||1|12|00|30012BA803106500042B03|1|1|REUVEN|W|2|S|1|202004|058|S|058|S|S|19620704|2|3|31.63049889|-97.21517181|0|||||||||||||Y|||||||||||N3|0167S|87|5|B1|C2|B1|B1|D||F|G||0000|0129|201909||||||||||0||0|131|D|1977|C|06|04|0178|6|05|||||||||||||N|||||N||N||N||N||N||N|||||N||D|202005|B1|||||||||||||||||||||||||||||||||||||||||||||||||||||||||||||||||||||||||||||||||||||||||||||001730|000700|||||3|1|4|03|02|02|06|||201607|201304|201310|200806|||G|G|G|G|||201907|201304|201310|201803|||FORD|VOLVO|MERCEDES-BENZ|CHEVROLET|||F|H|H|G||||||W|||F-150|C70|G-CLASS|CAMARO|||1|1|1|1|0|0|14|01|13|21|||2002|2001|2000|1993|||0481410001091007,,4,Non-standard,Near Prime,Good, 07/04/1962,,Reuven, Larenson, El Paso,79989, TX, 8 Judy Pkwy,[],False
37,c21e2dff-e87c-471d-9590-ce1fb874a4a1,heimdal_test_PFR_service-000037,Success,2.1,Declining,Artificial match,650,PdAZdvLfioFDSJLo/lufaVP0sJMVK/ljB4GAExvL1Jw=,0,P|1|4|48|79989|7202|416|R010|309|LARENSON|8|||JUDY|PKWY|||||EL PASO|TX|0|1|202004|4|S|1|S|2|S|1|S|2|S|6|H|9|3|H|5|S|1|S||0|H||||1||||||||||1|12|00|30012BA803106500042B03|1|1|REUVEN|W|2|S|1|202004|058|S|058|S|S|19620704|2|3|31.63049889|-97.21517181|0|||||||||||||Y|||||||||||N3|0167S|87|5|B1|C2|B1|B1|D||F|G||0000|0129|201909||||||||||0||0|131|D|1977|C|06|04|0178|6|05|||||||||||||N|||||N||N||N||N||N||N|||||N||D|202005|B1|||||||||||||||||||||||||||||||||||||||||||||||||||||||||||||||||||||||||||||||||||||||||||||001730|000700|||||3|1|4|03|02|02|06|||201607|201304|201310|200806|||G|G|G|G|||201907|201304|201310|201803|||FORD|VOLVO|MERCEDES-BENZ|CHEVROLET|||F|H|H|G||||||W|||F-150|C70|G-CLASS|CAMARO|||1|1|1|1|0|0|14|01|13|21|||2002|2001|2000|1993|||0481410001091007,,4,Non-standard,Near Prime,Good, 07/04/1962,,Reuven, Larenson, Columbus,43220, OH, 2187 Farragut Ave,[],False
38,55bfdac3-52b5-4007-bbce-838b49e697cf,heimdal_test_PFR_service-000038,Success,2.1,Improving,Artificial match,750,QIIRFHr0Qkst1+E4n5r/UuVZmPbsqBEEqxktXsFSw44=,0,P|1|4|17|60567|4115|306|R029|043|MADDERS|8|||TOBAN ALLEY||||||NAPERVILLE|IL|0|1|202001|4|S|1|S|2|S|5|S|8|S|8|S|L|4|S|5|S|1|S||0|H||||1||||||||||1|12|08|1100EC93030E0E00018CA9|1|1|GRADEY|E|2|S|1|202001|056|S|056|S|S|19640619|3|1|41.78654099|-88.22209167|1|||||||||||||Y|||||||||||I3|0226S|79|6|A1|A1|A1|A1||||||0000|0174||||0101|0149|0101|200307|0452|V|C|1|201710|1|132|E|2000|K|11|14|0149|5|07|||||||||||||N|||||N||N||N||N||N||N||I|D|202005|N||I|201906|A1||||||||||Y||||||||||||||||||Y|||||||||||||||||||||||||Y||Y||||Y||||||||||||||||||||||||||||||||||006980|001000|001200||||2|1|3|02|02|04||||201011|200312|200112||||G|G|G||||201910|201212|201211||||CADILLAC|CADILLAC|OLDSMOBILE||||G|G|G|||||C|L||||CTS|CTS|BRAVADA||||1|1|1|0|0|0|22|22|18||||2011|2004|2002||||1170438461053009,,6,Standard,Super Prime,Very Good, 06/19/1964,,Gradey, Madders, Naperville,60567, IL, 8 Toban Alley,[],False
39,f487d8de-2992-40b8-835f-d56ee93e3a3a,heimdal_test_PFR_service-000039,Success,2.1,Declining,Artificial match,850,W4hHQJGkVe6yv9NP/zCsS5SF3058R3EwkZG7QGwx5to=,0,P|1|4|17|60078|9286|299|R020|043|SCHUBERT|2|||BURNING WOOD|PT||||UNIT 104|PALATINE|IL|0|1|202002|2|H|1|S|2|S|2|S|4|S|7|S|E|4|S|6|S|1|S||0|H|||1|||||||||||1|12|14|1100EC93030E0C00625FDC|1|1|FOWLER|G|2|S|1|202002|071|S|071|S|S|19481028|3|1|41.76152039|-88.18463898|1|||||||||||||Y|||||||||||H11||54|5|B2|B1|C2|B2||||||||||||||||||0||0|||||10|12||1|06|||||||||||||N|||||N||N||N||N||N||N|||||Y|201909|I|202005|B2||||||||||Y|||||||||Y||Y||||Y|Y|Y||Y|Y|||||||||Y||||||||||||||Y||||||||||||||||||||||||||||||||||||||||000780||||||1||1|02||||||200301||||||G||||||201212||||||LINCOLN||||||F||||||K||||||LS||||||1|0|0|0|0|0|22||||||2003||||||1170318038003001,,10,Preferred,Super Prime,Exceptional, 10/28/1948,,Fowler, Schubert, Palatine,60078, IL, 2 Burning Wood Pt Unit 104,[],False
40,da4f40b9-ac8e-4ddb-a5df-4a4ce9932120,heimdal_test_PFR_service-000040,Success,2.1,Declining,Artificial match,800,1RH8ArofMj54qt+Xw1YDVnywR0yJRvn82ENI5SFDD7I=,0,P|1|4|17|61629|4145|259|R055|043|COTESFORD|1459|||MARQUETTE|JCT||||APT B105|PEORIA|IL|0|1|202001|2|H|1|S|2|S|2|S|4|S|6|S|8|2|S|7|S|1|S||0|H||2||||||||||||1|14|14|1100EC93030E0C00629927|4|2|HALEIGH|L|2|S|1|202001|089|S|089|S|S|19301123|0|1|41.78207016|-88.17778015|0||||||||||||||||||||||||H11||36|5|A2|A1|B2|B1||||||||||||||||||0||0|||||09|14||1|05|||||||||||||N|||||N||N||N||N||N||N||N|I|201704|N||D|202001|A2|||||||Y|||Y||||Y|||||Y||||||||||||||||||||||||Y||||||||||Y|Y|||||||Y|Y||||||||||||||||||||||Y||Y||||HONDA|CIVIC|2009|005150|003200|001430||||3||3|09|09|02||||201405|201008|200811||||G|G|G||||201405|201510|200811||||HONDA|HONDA|TOYOTA||||L|L|L|||||A|||||ACCORD|CIVIC|CAMRY||||1|1|1|0|0|0|22|22|22||||2011|2009|2002||||0171430012001049,,8,Standard,Super Prime,Very Good, 11/23/1930,,Haleigh, Cotesford, Peoria,61629, IL, 1459 Marquette Jct Apt B105,[],False
41,ebcf4933-331e-4ba6-acda-fe82c91dc647,heimdal_test_PFR_service-000041,Success,2.1,Mixed,Artificial match,822,DAAPD6qIogLJGQFt1cbXt7r4VK7dvAdh5AfTaV63rw0=,0,P|1||08|80126|||||MURDOCK|18595|||OLD ALDRIN HIGHWAY||||||HIGHLANDS RANCH|CO||1||4||||||||5||A|||||||3||2|1|||||||||||||1|1|2||NETWORK ADMINISTRATOR|KYLE_MURDOCK_HIGHLANDS_RANCH_CO||1|KYLE||1||1|20210604|||51|||19700520||||||20060310|||20090424||||||||||||Y|||||||||||||||||||||250000|550000|20130420||500000||500000||20130420|0380|F|C||||||||6|4||4|1||||||||||||||||||||||||||||||||||||||||||||||||||||||||||||||||||||Y|||||||||Y||||||||y||||||||||||||||Y||||||||||||||||||||||||||GMC|SIERRA|2019||||||||||||||||||||||G|G|||||202104|202104|||||HONDA|NISSAN|||||||||||?|?|||||ODYSSEY|ROGUE|||||||||||||||||2016|2012||||||||6|,,9,Preferred,Super Prime,Exceptional,05/20/1970,,Kyle,Murdock,Highlands Ranch,80126,CO,18595 Old Aldrin Highway,[],False
42,58662656-b146-49cf-901e-7a662921fca3,heimdal_test_PFR_service-000042,Success,2.1,Mixed,Artificial match,822,mfv6+Ce4k17fKxHUdfwl2KWPLiLAUgBF/pvcu+vGtpM=,0,P|1||08|80126|||||MURDOCK|18595|||OLD ALDRIN HIGHWAY||||||HIGHLANDS RANCH|CO||1||4||||||||5||A|||||||3||2|1|||||||||||||1|1|2|||SHARON_MURDOCK_HIGHLANDS_RANCH_CO||2|SHARON||1||1|20210604|||49|||19711208||||||20060310|||20090424||||||||||||Y|||||||||||||||||||||250000|550000|20130420||500000||500000||20130420|0380|F|C||||||||6|4||4|1||||||||||||||||||||||||||||||||||||||||||||||||||||||||||Y|||||||||||||||Y||||||||||||y||||||||||||||||Y||||||||||||||||||||||||||GMC|SIERRA|2019||||||||||||||||||||||G|G|||||202104|202104|||||HONDA|NISSAN|||||||||||?|?|||||ODYSSEY|ROGUE|||||||||||||||||2016|2012||||||||6|,,9,Preferred,Super Prime,Exceptional,12/08/1971,,Sharon,Murdock,Highlands Ranch,80126,CO,18595 Old Aldrin Highway,[],False
43,8fd8f7e5-3f04-4ff0-bff9-1c31f28d0caf,heimdal_test_PFR_service-000043,Success,2.1,Mixed,Artificial match,822,bcnV8B5lnYuX+YbW0x+UjpQPe+2iykBISsR5hhWTZZA=,0,P|1||08|80126|||||MURDOCK|18595|||OLD ALDRIN HIGHWAY||||||HIGHLANDS RANCH|CO||1||0||||||||5||A|||||||3||2|1|||||||||||||1|1|2||STUDENT|ANDY_MURDOCK_HIGHLANDS_RANCH_CO||1|ANDY||2||1|20210604|||18|||20030310||||||20060310|||20090424||||||||||||Y|||||||||||||||||||||250000|550000|20130420||500000||500000||20130420|0380|F|C||||||||6|4||4|1|||||||||||||||||||||||||||||||||||||||||||||||||||||||||||||||||||||||||||||||||||||||||||||||||||||Y||||||||||||||||||||||||||GMC|SIERRA|2019||||||||||||||||||||||G|G|||||202104|202104|||||HONDA|NISSAN|||||||||||?|?|||||ODYSSEY|ROGUE|||||||||||||||||2016|2012||||||||0|,,9,Preferred,Super Prime,Exceptional,03/10/2006,,Andy,Murdock,Highlands Ranch,80126,CO,18595 Old Aldrin Highway,[],False
44,25a90a79-0620-4de6-bf9c-5a166ae8ef00,heimdal_test_PFR_service-000044,Success,2.1,Declining,Artificial match,665,3ObyqTzl3Kuddhub2N6WXz19t1CRQ4My7gfqR5h9evg=,0,P|1|||50613|||||WILLIAMS|5321|||RED OAK|LN|||||BEDFORD FALLS|AL||1||4||||||||6||7|||||||1||0|0|||||||||||||||||BUSINESS OWNER|JANET_WILLIAMS_BEDFORD_FALLS||2|JANET||2||1|20210604|||62|||19590812||||||||||||||||||Y||||||||||||||||||||||||125000|350000|20090612||300000||300000||20090612|0420|F|F||||||||5|4||3|1|||||||||||||||||||||||||||||||||||||||||||||||||||||||||||||||||||Y|||||||||Y||||||||||||||||||||||||Y|||||||||||||||||||||||||||CHEVY|TAHOE|2017|||||||||||||||||||||||||||||||||||||||||||||||||||||||||||||||||||||||||||||||5|,,5,Standard,Prime,Good,08/12/1959,,Janet,Williams,Bedford Falls,50613,AL,5321 Red Oak Ln,[],False
45,33563549-8f4b-4192-8a94-9c7a5d09375d,heimdal_test_PFR_service-000045,Success,2.1,Improving,Artificial match,642,ShNLOTWKb30ppCkYNMM2pI2hFRGURdq7DDpSoxOjZhc=,0,P|1|||71909|||||CHELSEA|8|||WHITE TAIL|RD|||||HOT SPRINGS VILLAGE|AR||1||1||||||||2||6|||||||1||0|0|||||||||||||||||PARK MAINTENANCE SUPERVISOR|HANK_CHELSA_HOT_SPRINGS_VILLAGE||1|HANK||2||1|20210604|||21|||20000107||||||||||||||||||||||Y|||||||||||||||||||||||||||||||||||||||1|1||3|1|||||||||||||||||||||||||||||||||||||||||||||||||||||||||||||||||||||||||||||||||||||||||||||||||||||Y||||||||||||||||||||||||||FORD|F-150|2015|||||||||||||||||||||||||||||||||||||||||||||||||||||||||||||||||||||||||||||||3|,,4,Non-standard,Near Prime,Good,01/07/2000,,Hank,Chelsea,Hot Springs Village,71909,AR,8 White Tail Rd,[],False
46,ce3c566b-526a-4726-9d7e-138b664ce503,heimdal_test_PFR_service-000046,Success,2.1,Improving,Artificial match,595,tBIGT9FRiBYfEogQpVPEQ7DEKzZR4NECl1QFMLn1qhs=,0,P|1|||85282|||||JOHNSON|134||E|SANTA MESA|CT|||||TEMPE|AZ||1||2||||||||3||4|||||||1||1|1||||||||||2|||||2||ADMINISTRATIVE ASSISTANT|KIRA_JOHNSON_TEMPE_AZ||2|KIRA||2||1|20210604|||31|||19900619||||||20210410||||||||||||||||Y|||||||||||||||||||||||||||||||||||||||2|2||4|1||||||||||||||||||||||||||||||||||||||||||||||||||||||||||||||||Y||||||Y|||||Y|||||||||||||||||||||||||Y|||||||||||||||||||||||||||TOYOTA|HIGHLANDER|2019|||||||||||||||||||||||||||||||||||||||||||||||||||||||||||||||||||||||||||||||0|,,3,Non-standard,Sub Prime,Fair,06/19/1990,,Kira,Johnson,Tempe,85282,AZ,134 E Santa Mesa Ct,[],False
47,298395bb-ebdd-48a2-b05d-89dcff5ccf80,heimdal_test_PFR_service-000047,Success,2.1,Improving,Artificial match,728,RzO332i2bU8GG0iYyOvxQ7c94b/1qTokKwnor9biRtw=,0,P|1||08|80126|||||PEARSON|643|||WALDEN|CT|||||FORT COLLINS|CO||1||3||||||||5||D|||||||1||0|0|||||||||||||||||ORTHOPEDIC SURGEON|RANDALL_PEARSON_FORT_COLLINS||1|RANDALL||2||1|20210604|||40|||19800715|||||||||||||||||||||Y|||||||||||||||||||||600000|1050000|20110228||800000||800000|150000|20110228|0350|F|C||||||||8|7||2|5|||||||||||||||||||||||||||||||||||||||||||||||||||||||||||||Y||||||||||||||||||y|y||||y|y||||||||||||Y||||||||||||||||||||||||||||||LEXUS|SC|2016|||||||||||||||||||||||||||||||||||||||||||||||||||||||||||||||||||||||||||||||8|,,6,Standard,Super Prime,Very Good,07/15/1980,,Randall,Pearson,Fort Collins,80126,CO,643 Walden Ct,[],False
48,3161e1c1-c239-4024-9209-4df3b8c3d431,heimdal_test_PFR_service-000048,Success,2.1,Mixed,Artificial match,700,wKa3Ctt7yHeUfaLWTxwJz5rF5VMI7fGUj6z22LeVsy0=,0,P|1|||20011|||||MARTINEZ|300|||WILLIAMS|ST|NE|||APT 410|WASHINGTON|DC||1||1||||||||1||7|||||||3||3|1|||||||||||||2|1|2||COMMERICAL TRUCKING|RAMON_MARTINEZ_WASHINGTON_DC||1|RAMON||1||1|20210604|||58|||19620815||||||20010915|||20041013|||20080216|||20100415||||||Y|||||||||||||||||||||25000|175000|20210316||150000||150000||20210316|0250|F|V||||||||4|4||5|1|||||||||||||||||||||||||||||||||||||||||||||||||||||||||||||||||Y|||||||||||||||||||||||||||||||||||Y|||||||||||||||||||||||||||KIA|SORENTO|2006||||||||||||||||||||||G||||||202104||||||JEEP||||||||||||?||||||LIBERTY||||||||||||||||||2010|||||||||5|,,5,Standard,Prime,Good,08/15/1962,,Ramon,Martinez,Washington,20011,DC,300 Williams St NE Apt 410,[],False
49,f7f1447a-9084-4a10-aba0-5f48d6c0003f,heimdal_test_PFR_service-000049,Success,2.1,Mixed,Artificial match,700,XUCFKzjH6629MmmzrWKUuy8KjftRchpsPemRDOlu+w0=,0,P|1|||20011|||||MARTINEZ|300|||WILLIAMS|ST|NE|||APT 410|WASHINGTON|DC||1||1||||||||1||7|||||||3||3|1|||||||||||||2|1|2||COMMERICAL TRUCKING|RAMON_MARTINEZ_WASHINGTON_DC||1|RAMON||1||1|20210604|||58|||19620815||||||20010915|||20041013|||20080216|||20100415||||||Y|||||||||||||||||||||25000|175000|20210316||150000||150000||20210316|0250|F|V||||||||4|4||5|1|||||||||||||||||||||||||||||||||||||||||||||||||||||||||||||||||Y|||||||||||||||||||||||||||||||||||Y|||||||||||||||||||||||||||KIA|SORENTO|2006||||||||||||||||||||||G||||||202104||||||JEEP||||||||||||?||||||LIBERTY||||||||||||||||||2010|||||||||5|,,5,Standard,Prime,Good,08/15/1962,,Ramon,Martinez,Fairfax,22030,VA,12109 Oak Tree Ct,[],False
50,0164a04f-50e9-412b-a117-81176844d501,heimdal_test_PFR_service-000050,Success,2.1,Mixed,Artificial match,700,eVCbEwvHtK7fzfsSPt8SeR1sAIYyW6I9uqcMlfofCkI=,0,P|1|||20011|||||MARTINEZ|300|||WILLIAMS|ST|NE|||APT 410|WASHINGTON|DC||1||1||||||||1||7|||||||3||3|1|||||||||||||2|1|2||NURSE PRACTICITIONER|ERIN_MARTINEZ_WASHINGTON_DC||2|ERIN||1||1|20210604|||53|||19671005||||||20010915|||20041013|||20080216|||20100415||||||Y|||||||||||||||||||||25000|175000|20210316||150000||150000||20210316|0250|F|V||||||||4|4||5|1|||||||||||||||||||||||||||||||||||||||||||||||||||||||||||||||||Y||||||||||||||||||||||||||||||||||||||||||||||||||||||||||||||KIA|SORENTO|2006||||||||||||||||||||||G||||||202104||||||JEEP||||||||||||?||||||LIBERTY||||||||||||||||||2010|||||||||5|,,5,Standard,Prime,Good,10/05/1967,,Erin,Martinez,Washington,20011,DC,300 Williams St NE Apt 410,[],False
51,5d306baf-cbde-4f80-b516-f18442f360e0,heimdal_test_PFR_service-000051,Success,2.1,Mixed,Artificial match,700,77dt/auG5hO/OINUGitFDV1SFQcx0RQRGANljW07/jQ=,0,P|1|||20011|||||MARTINEZ|300|||WILLIAMS|ST|NE|||APT 410|WASHINGTON|DC||1||1||||||||1||7|||||||3||3|1|||||||||||||2|1|2||NURSE PRACTICITIONER|ERIN_MARTINEZ_WASHINGTON_DC||2|ERIN||1||1|20210604|||53|||19671005||||||20010915|||20041013|||20080216|||20100415||||||Y|||||||||||||||||||||25000|175000|20210316||150000||150000||20210316|0250|F|V||||||||4|4||5|1|||||||||||||||||||||||||||||||||||||||||||||||||||||||||||||||||Y||||||||||||||||||||||||||||||||||||||||||||||||||||||||||||||KIA|SORENTO|2006||||||||||||||||||||||G||||||202104||||||JEEP||||||||||||?||||||LIBERTY||||||||||||||||||2010|||||||||5|,,5,Standard,Prime,Good,10/05/1967,,Erin,Martinez,Fairfax,22030,VA,12109 Oak Tree Ct,[],False
52,41aa1521-3eeb-4d89-8d30-1c9b62b6c136,heimdal_test_PFR_service-000052,Success,2.1,Mixed,Artificial match,700,dskMOi+/LlFP9IvBFvBobu7VNlWTCG6Vy9i+7gW4YAA=,0,P|1|||20011|||||MARTINEZ|300|||WILLIAMS|ST|NE|||APT 410|WASHINGTON|DC||1||1||||||||1||7|||||||3||3|1|||||||||||||2|1|2||STUDENT|OLIVIA_MARTINEZ_WASHINGTON_DC||2|OLIVIA||2||1|20210604|||20|||20010915||||||20010915|||20041013|||20080216|||20100415||||||Y|||||||||||||||||||||25000|175000|20210316||150000||150000||20210316|0250|F|V||||||||4|4||5|1|||||||||||||||||||||||||||||||||||||||||||||||||||||||||||||||||Y||||||||||||||||||||||||||||||||||||||||||||||||||||||||||||||KIA|SORENTO|2006||||||||||||||||||||||G||||||202104||||||JEEP||||||||||||?||||||LIBERTY||||||||||||||||||2010|||||||||0|,,5,Standard,Prime,Good,09/15/2001,,Olivia,Martinez,Washington,20011,DC,300 Williams St NE Apt 410,[],False
53,d5581af5-59f8-4f62-b68d-e7e1c9fe4ad6,heimdal_test_PFR_service-000053,Success,2.1,Mixed,Artificial match,700,DEcRBfaFaOfoZqQjJu9oRftnads1Du72D+pmu/eUXpQ=,0,P|1|||20011|||||MARTINEZ|300|||WILLIAMS|ST|NE|||APT 410|WASHINGTON|DC||1||1||||||||1||7|||||||3||3|1|||||||||||||2|1|2||STUDENT|OLIVIA_MARTINEZ_WASHINGTON_DC||2|OLIVIA||2||1|20210604|||20|||20010915||||||20010915|||20041013|||20080216|||20100415||||||Y|||||||||||||||||||||25000|175000|20210316||150000||150000||20210316|0250|F|V||||||||4|4||5|1|||||||||||||||||||||||||||||||||||||||||||||||||||||||||||||||||Y||||||||||||||||||||||||||||||||||||||||||||||||||||||||||||||KIA|SORENTO|2006||||||||||||||||||||||G||||||202104||||||JEEP||||||||||||?||||||LIBERTY||||||||||||||||||2010|||||||||0|,,5,Standard,Prime,Good,09/15/2001,,Olivia,Martinez,Fairfax,22030,VA,12109 Oak Tree Ct,[],False
54,c2a8f68f-25ab-4304-987d-b4326d8393f2,heimdal_test_PFR_service-000054,Success,2.1,Improving,Artificial match,816,P4neUf7bNZ4R3erYr7JrKR3alhzPs1SBsBsKhXu2zpA=,0,P|1|||68124|||||SINGH|1581|||EGLIN|WAY|SW||||OMAHA|NE||1||4||||||||4||C|||||||1||0|0|||||||||||||||||PORTFOLIO MANAGER|ARVINDER_SINGH_OMAHA_NE||1|ARVINDER||2||1|20210604|||43|||19780119|||||||||||||||||||||Y|||||||||||||||||||||400000|900000|20170423||750000||750000||20170423|0375|F|C||||||||10|6||3|6|||||||||||||||||||||||||||||||||||||||||||||||||||||||||||||||||||||||Y||||||||y|y||||y|y||||||||||||Y||||||||||||||||||||||||||||||BMW|X3|2019|||||||||||||||||||||||||||||||||||||||||||||||||||||||||||||||||||||||||||||||8|,,8,Standard,Super Prime,Exceptional,01/19/1978,,Arvinder,Singh,Omaha,68124,NE,1581 Eglin Way SW,[],False
55,2a675c86-a650-46d0-86c4-2663d51b61b2,heimdal_test_PFR_service-000055,Success,2.1,Improving,Artificial match,530,Hiv1mqzAN6fsSonMal6jERqbC9fBh3A79RSQ4yMm+lI=,0,P|1|||19709|||||DURSLEY|717|||HEREFORD|DR|||||MIDDLETOWN|DE||1||1||||||||1||5|||||||1||0|0||||||||||||||||||JAMES_DURSLEY_MIDDLETON_DE||1|JAMES||2||1|20210609|||32|||19881017||||||||||||||||||||||y||||||||||||||||||||||||||||||||||||||||||||||||||||||||||||||||||||||||||||||||||||||||||||||||||||||||y||||||||||||||||y||||||||||||||||||||||||Y||||||||||||||||||||||||||FORD|RANGER|2010|||||||||||||||||||||||||||||||||||||||||||||||||||||||||||||||||||||||||||||||3|,,2,Non-standard,Deep subprime,Fair,10/17/1988,,James,Dursley,Middletown,19709,DE,717 Hereford Dr,[],False
56,646957f0-c8d6-435d-af19-8f0b58517805,heimdal_test_PFR_service-000056,Success,2.1,Improving,Artificial match,605,kpmjEUx76UZVywi+svoezgBoL46fqRYoCbp9jcir1XQ=,0,P|1|||19720|||||GABRIEL|620|||NAVIGATION|BLVD|||||NEW CASTLE|DE||1||1||||||||2||5|||||||1||2|1||||||||||1|1|||||||ALIA_GABRIEL_NEW_CASTLE_DE||2|ALIA||2||1|20210609|||24|||19961019||||||20180613|||20200804|||||||||||||y|||||||||||||||||||||||||||||||||||||||||||||||||||||||||||||||||||||||||||||||||||||||||||||||||||||||||||||||||||||||||||||||||||||||||||||Y|||||||||||||||||||||||||||||VW|BEETLE|2014|||||||||||||||||||||||||||||||||||||||||||||||||||||||||||||||||||||||||||||||0|,,3,Non-standard,Sub Prime,Fair,10/19/1996,,Alia,Gabriel,New Castle,19720,DE,620 Navigation Blvd,[],False
57,c769b376-e2d2-48cf-bd7f-b1a7742db6d3,heimdal_test_PFR_service-000057,Success,2.1,Declining,Artificial match,760,gmJKV/F+jMEEUUOdPzwwTPnD1LeBvQzBy65TKMpAx6Q=,0,P|1|||19968|||||NYE|16854|||WESTPORT|BLVD|||||RANDOR|DE||1||3||||||||5||7|||||||1||0|0||||||||||||||||||AMY_NYE_RANDOR_DE||2|AMY||2||1|20210609|||63|||19570620||||||||||||||||||y||||||||||||||||||||||||75000|350000|20150321|299900|223000|||||0325|F|F||||275000||||04|03||3|05||||||||||||||||||||||||||||||||||||||||||||||||||||||||||||||||||y||||||||||||||y||||||||||||||||||Y|||||||||||||||||||||||||||||MAZDA|CX-5|2015|||||||||||||||||||||||||||||||||||||||||||||||||||||||||||||||||||||||||||||||4|,,7,Standard,Super Prime,Very Good,06/20/1957,,Amy,Nye,Randor,19968,DE,16854 Westport Blvd,[],False
58,ab32cc9f-b7fb-4730-97f4-b6e70ca4af27,heimdal_test_PFR_service-000058,Success,2.1,Mixed,Artificial match,600,jLDF55vIbVDMgxWrwqZa0IVgfnL1lJIfdGJmUfkRgNw=,0,P|1|||32570|||||PARMELY|1732|||TORREY PINES|ST|||||MILTON|FL||1||1||||||||1||7|||||||2||1|1||||||||||1||||||||HANNA_PARMELY_MILTON_FL||2|HANNA||1||1|20210609|||22|||19980820||||||20201116||||||||||||||||y|||||||||||||||||||||||||||||||||||||||||||||||||||||||||||||||||||||||||||||||||||||||||||||||||||||y|||||||||||||||||||||||||||||||||||||||||||||||||||||||||||||||||||||VW|JETTA|2016||||||||||||||||||||||G||||||202104||||||DODGE||||||||||||G||||||CHARGER||||||||||||22||||||2013|||||||||3|,,3,Non-standard,Sub Prime,Fair,08/20/1998,,Hanna,Parmely,Milton,32570,FL,1732 Torrey Pines St,[],False
59,e56dfba1-3e47-47c2-8197-b160a457242e,heimdal_test_PFR_service-000059,Success,2.1,Mixed,Artificial match,600,MoFXjYcWnMLnsoR/oCY/e8K/m5V0FPkD80st8sM0oJA=,0,P|1|||32570|||||PARMELY|1732|||TORREY PINES|ST|||||MILTON|FL||1||1||||||||1||7|||||||2||1|1||||||||||1||||||||WYATT_PARMELY_MILTON_FL||1|WYATT||1||1|20210609|||23|||19970216||||||20201116||||||||||||||||y|||||||||||||||||||||||||||||||||||||||||||||||||||||||||||||||||||||||||||||||||||||||||||||||||||||||||||||||y|||||||||||||||||||||||||||||||||||||||||||||||||||||||||||VW|JETTA|2016||||||||||||||||||||||G||||||202104||||||DODGE||||||||||||G||||||CHARGER||||||||||||22||||||2013|||||||||3|,,3,Non-standard,Sub Prime,Fair,02/16/1997,,Wyatt,Parmely,Milton,32570,FL,1732 Torrey Pines St,[],False
60,68f2f9fa-e08c-4d5b-8712-61c43df52db7,heimdal_test_PFR_service-000060,Success,2.1,Improving,Artificial match,665,aCl4pGUK6T2Upw3Tau/KAwP2rkIa1W8zfhuJx6x0UDI=,0,P|1|||31407|||||MADDOW|70|||BELGROVE |ST|||||SAVANNAH|GA||1||4||||||||?||9|||||||2||0|0|||||||||||||||||?|STACY_MADDOW_SAVANNAH_GA||2|STACY||1||1|20210610|||51|||19690912|||||||||||||||||||||||||||||||||||||||||||||||||||||||||||||||||||||||||||||||||||||||||||||||||||||||||||||||||||||||||||||||||||||||||||||||||||||||||||||||||||Y|||||||||||||||||||||||||||||SUBURU|OUTBACK|2013||||||||||||||||||||||G||||||202104||||||HONDA||||||||||||?||||||CIVIC||||||||||||22||||||2008|||||||||???|,,5,Standard,Prime,Good,09/12/1969,,Stacy,Maddow,Savannah,31407,GA,70 Belgrove St,[],False
61,34180c95-994e-46ca-81cd-2d76ddfc36c1,heimdal_test_PFR_service-000061,Success,2.1,Improving,Artificial match,665,x2Nnoq4oLaRKctsaGnsXUe5APC+qmKKpG+VothG9fK4=,0,P|1|||31407|||||MADDOW|70|||BELGROVE |ST|||||SAVANNAH|GA||1||4||||||||?||9|||||||2||0|0|||||||||||||||||?|ELLEN_MADDOW_SAVANNA_GA||2|ELLEN||1||1|20210610|||48|||19730215|||||||||||||||||||||||||||||||||||||||||||||||||||||||||||||||||||||||||||||||||||||||||||||||||||||||||||||||||||||||||||||||||||||||||||||||||||||||||||||||||||Y|||||||||||||||||||||||||||||SUBURU|OUTBACK|2013||||||||||||||||||||||G||||||202104||||||HONDA||||||||||||?||||||CIVIC||||||||||||22||||||2008|||||||||???|,,5,Standard,Prime,Good,02/15/1973,,Ellen,Maddow,Savannah,31407,GA,70 Belgrove St,[],False
62,8d38ea42-a44d-47ad-b415-9f9d93f15972,heimdal_test_PFR_service-000062,Success,2.1,Declining,Artificial match,520,8Y/cpQxQ5tR086/RSN+wHOUe2/MthbylOQmHwGgWVg4=,0,P|1|||31315|||||WARREN|7505|||SAILBOAT|CV|||||FT STEWART|GA||1||1||||||||?||4|||||||1||0|0|||||||||||||||||?|TIM_WARREN_ST_STEWART_GA||1|TIM||2||1|20210610|||38|||19820923||||||||||||||||||||||||||||||||||||||||||||||||||||||||||||||||||||||||||||||||||||||||||||||||||||||||||||||||||||||||||||||||||||||||||||||||||||||||||||||||||||||Y||||||||||||||||||||||||||TOYOTA|TACOMA|2015|||||||||||||||||||||||||||||||||||||||||||||||||||||||||||||||||||||||||||||||???|,,2,Non-standard,Deep subprime,Poor,09/23/1982,,Tim,Warren,Ft Stewart,31315,GA,7505 Sailboat Cv,[],False
63,26f489ea-6e3b-4e91-a6a2-1afaa3282b9a,heimdal_test_PFR_service-000063,Success,2.1,Improving,Artificial match,840,coUHdo0T1k2iSHeJ+wwGmjpXJS+rAu+SpIETM/mGWRs=,0,P|1|||30813|||||HULL|1411|||TRENTON|AVE|NE||||GROVETOWN|GA||1||4||||||||?||C|||||||2||1|1||||||||||||||2|2||?|JOHN_HULL_GROVETOWN_GA||1|JOHN||1||1|20210610|||52|||19681012||||||17 years ago||||||||||||||||||||||||||||||||||||||||||||||||||||||||||||||||||||||||||||||||||||||||||||||||||||||||||||||||||||||||||||||||||||||||||||||||||||||||||||||||Y||||||||||||||||||||||||||CHEVY|SILVERADO|2018||||||||||||||||||||||L||||||202104||||||CHEVY||||||||||||?||||||BOLT||||||||||||21||||||2017|||||||||???|,,9,Preferred,Super Prime,Exceptional,10/12/1968,,John,Hull,Grovetown,30813,GA,1411 Trenton Ave NE,[],False
64,79153d0b-c67b-409b-b816-e2a0214670c9,heimdal_test_PFR_service-000064,Success,2.1,Improving,Artificial match,840,bfF0CXW43cELLPv2TSSLMOYtHNgl3lfXcPkneuOeXgw=,0,P|1|||30813|||||HULL|1411|||TRENTON|AVE|NE||||GROVETOWN|GA||1||4||||||||?||C|||||||2||1|1||||||||||||||2|2||?|ALLISON_HULL_GROVETOWN_GA||2|ALLISON||1||1|20210610|||49|||19720719||||||17 years ago||||||||||||||||||||||||||||||||||||||||||||||||||||||||||||||||||||||||||||||||||||||||||||||||||||||||||||||||||||||||||||||||||||||||||||||||||||||||||||||||Y||||||||||||||||||||||||||CHEVY|SILVERADO|2018||||||||||||||||||||||L||||||202104||||||CHEVY||||||||||||?||||||BOLT||||||||||||21||||||2017|||||||||???|,,9,Preferred,Super Prime,Exceptional,07/19/1972,,Allison,Hull,Grovetown,30813,GA,1411 Trenton Ave NE,[],False
65,176f2ca8-cddb-4e91-a33f-ef043c4c1f4a,heimdal_test_PFR_service-000065,Success,2.1,Declining,Artificial match,600,uAymqHSsj2gxzZxBOSe83NXCqZDO0B4WQbDPE1KZ8rk=,0,P|1|||30907|||||LOWE|3920|||CARTER|BLVD|||||MARINEZ|GA||1||4||||||||?||6|||||||1||0|0|||||||||||||||||?|CHRIS_LOWES_MARINEZ_GA||1|CHRIS||1||1|20210610|||63|||19580502|||||||||||||||||||||||||||||||||||||||||||||||||||||||||||||||||||||||||||||||||||||||||||||||||||||||||||||||||||||||||||||||||||||||||||||||||||||||||||||||||||Y|||||||||||||||||||||||||||||TOYOTA|CAMRY|2017|||||||||||||||||||||||||||||||||||||||||||||||||||||||||||||||||||||||||||||||???|,,3,Non-standard,Sub Prime,Fair,05/02/1958,,Chris,Lowe,Marinez,30907,GA,3920 Carter Blvd,[],False
66,2f2fe6e7-d63d-4784-bca5-26620fb88123,heimdal_test_PFR_service-000066,Success,2.1,Improving,Artificial match,665,jttCxofTvV7VT8vrZlTfegnqvBt8ttRDR6zcyScaxzc=,0,P|1|||50131|||||SIMPSON|2515|||EDGEMONT||||||JOHNSTON|IA||1||4||||||||?||6|||||||2||0|0||||||||||||||||||BOB_SIMPSON_JOHNSTON_IA||1|BOB||1||1|20210610|||77|||19431007||||||||||||||||||||||||||||||||||||||||||||||||||||||||||||||||||||||||||||||||||||||||||||||||||||||||||||||||||||||||||||||||||||||||||||||||||||||||||||||||||Y||||||||||||||||||||||||||||||CADILLAC|XLR|2009|||||||||||||||||||||||||||||||||||||||||||||||||||||||||||||||||||||||||||||||???|,,5,Standard,Prime,Good,10/07/1943,,Bob,Simpson,Johnston,50131,IA,2515 Edgemont,[],False
67,98d37c0c-70cb-41c9-8649-2ac08ce5499d,heimdal_test_PFR_service-000067,Success,2.1,Improving,Artificial match,665,5T3APKcMYqpsqT/maUIMZ8gAVZkfs49uMsTkU90JpM8=,0,P|1|||50131|||||SIMPSON|2515|||EDGEMONT||||||JOHNSTON|IA||1||4||||||||?||6|||||||2||0|0||||||||||||||||||BOB_SIMPSON_JOHNSTON_IA||1|BOB||1||1|20210610|||77|||19431007||||||||||||||||||||||||||||||||||||||||||||||||||||||||||||||||||||||||||||||||||||||||||||||||||||||||||||||||||||||||||||||||||||||||||||||||||||||||||||||||||Y||||||||||||||||||||||||||||||CADILLAC|XLR|2009|||||||||||||||||||||||||||||||||||||||||||||||||||||||||||||||||||||||||||||||???|,,5,Standard,Prime,Good,10/07/1943,,Bob,Simpson,Shawnee,66218,Ks,4513 W 185th St,[],False
68,b23d4e8b-e3b9-444e-89f3-b90c5993b938,heimdal_test_PFR_service-000068,Success,2.1,Improving,Artificial match,665,cxdQak9goUq9tOy9trLh+DcdSesf3bSIzaSJVme+35k=,0,P|1|||50131|||||SIMPSON|2515|||EDGEMONT||||||JOHNSTON|IA||1||4||||||||?||6|||||||2||0|0||||||||||||||||||BETTY_SIMPOSON_JOHNSTON_IA||2|BETTY||1||1|20210610|||73|||19471020||||||||||||||||||||||||||||||||||||||||||||||||||||||||||||||||||||||||||||||||||||||||||||||||||||||||||||||||||||||||||||||||||||||||||||||||||||||||||||||||||Y||||||||||||||||||||||||||||||CADILLAC|XLR|2009|||||||||||||||||||||||||||||||||||||||||||||||||||||||||||||||||||||||||||||||???|,,5,Standard,Prime,Good,10/20/1947,,Betty,Simpson,Johnston,50131,IA,2515 Edgemont,[],False
69,2ada6b42-0107-4b04-8ffc-a4f78217f661,heimdal_test_PFR_service-000069,Success,2.1,Improving,Artificial match,665,tO8ukhVVYgVcMw9jIFyu6+k5kKlm11CISqOcH0I6YEI=,0,P|1|||50131|||||SIMPSON|2515|||EDGEMONT||||||JOHNSTON|IA||1||4||||||||?||6|||||||2||0|0||||||||||||||||||BETTY_SIMPOSON_JOHNSTON_IA||2|BETTY||1||1|20210610|||73|||19471020||||||||||||||||||||||||||||||||||||||||||||||||||||||||||||||||||||||||||||||||||||||||||||||||||||||||||||||||||||||||||||||||||||||||||||||||||||||||||||||||||Y||||||||||||||||||||||||||||||CADILLAC|XLR|2009|||||||||||||||||||||||||||||||||||||||||||||||||||||||||||||||||||||||||||||||???|,,5,Standard,Prime,Good,10/20/1947,,Betty,Simpson,Shawnee,66218,KS,4513 W 185th St,[],False
70,29f09a7f-0831-42a8-8829-c22a5bfab16c,heimdal_test_PFR_service-000070,Success,2.1,Declining,Artificial match,665,iK6k80FpUWXianOa3zUyMHyobyzOLeKtNZlFujdnJS8=,0,P|1|||52405|||||FRANKS|1306|||GIBSON|AVE|||||CEDAR RAPIDS|IA||1||3||||||||?||4|||||||1||0|0||||||||||||||||||TILLY_FRANKS_CEDAR_RAPIDS_IA||2|TILLY||2||1|20210610|||81|||19400121||||||||||||||||||||||||||||||||||||||||||||||||||||||||||||||||||||||||||||||||||||||||||||||||||||||||||||||||||||||||||||||||||||||||||||||||||||||||||||||||||Y||||||||||||||||||||||||||||||BUICK|LASABRE|2005|||||||||||||||||||||||||||||||||||||||||||||||||||||||||||||||||||||||||||||||???|,,5,Standard,Prime,Good,01/12/1940,,Tilly,Franks,Cedar Rapids,52405,IA,1306 Gibson Ave,[],False
71,d905f73d-1808-469a-a66e-f1ddd8047e3c,heimdal_test_PFR_service-000071,Success,2.1,Improving,Artificial match,750,tdqNdgMdQZlaUkkFjohN0+t1ItK7jJzqn7bJvk0f4vQ=,0,P|1|||50023|||||DANIELS|2910||NW|SOUTHPARK|DR|||||ANKENY|IA||1||4||||||||?||D|||||||1||0|0|||||||||||||||||?|LAUREN_DANIELS_ANKENY_IA||2|LAUREN||2||1|20210610|||46|||19750614|||||||||||||||||||||||||||||||||||||||||||||||||||||||||||||||||||||||||||||||||||||||||||||||||||||||||||||||||||||||||||||||||||||||||||||||||||||||||||||||||||Y|||||||||||||||||||||||||||||MINI COOPER|COUNTRYMAN|2018|||||||||||||||||||||||||||||||||||||||||||||||||||||||||||||||||||||||||||||||???|,,6,Standard,Super Prime,Very Good,06/14/1975,,Lauren,Daniels,Ankeny,50023,IA,2910 NW Southpark Dr,[],False
72,b0ae3378-414a-42b7-9566-806bcf55c24b,heimdal_test_PFR_service-000072,Success,2.1,Improving,Artificial match,750,F8t0EgCYjdJpUCEZuY0jZSJadE4MIxh5AgqkoyQaKSI=,0,P|1|||50023|||||DANIELS|2910||NW|SOUTHPARK|DR|||||ANKENY|IA||1||4||||||||?||D|||||||1||0|0|||||||||||||||||?|LAUREN_DANIELS_ANKENY_IA||2|LAUREN||2||1|20210610|||46|||19750614|||||||||||||||||||||||||||||||||||||||||||||||||||||||||||||||||||||||||||||||||||||||||||||||||||||||||||||||||||||||||||||||||||||||||||||||||||||||||||||||||||Y|||||||||||||||||||||||||||||MINI COOPER|COUNTRYMAN|2018|||||||||||||||||||||||||||||||||||||||||||||||||||||||||||||||||||||||||||||||???|,,6,Standard,Super Prime,Very Good,06/14/1975,,Lauren,Daniels,Glen Burnie,21060,MD,9711 Pioneer Trl,[],False
