,Unnamed: 0,requestId,submissionId,status,matchDescription,events,fenrisId,requestBody.person.firstName,requestBody.person.lastName,requestBody.person.middleName,requestBody.person.dateOfBirth,requestBody.address.addressLine1,requestBody.address.state,requestBody.address.city,requestBody.address.zipCode,requestBody.otherAddresses,requestBody.standardizeAddress,event_names,NEWLY ENGAGED,NEWLY SINGLE,NEW BABY,NEWLY MARRIED,PRENATAL,PREMOVER AT CONTRACT,PREMOVER AT LIST,NEW MOVER
0,0,42b869d2-628a-4b2c-bbb3-1f123330b5a0,heimdal_test_LifeEvents_service-000000,SUCCESS,Artificial match,"[{""eventType"": ""NEWLY ENGAGED"", ""eventDate"": ""2021-06"", ""processDate"": ""2021-06-12""}]",ID3HoICovpKVaxCLgRMAfpyriySf+wLYAVcUdbZZGvg=,Jenny, Everywhere,, 11/10/1962, 63724 Ramsey Way, TX, Dallas,75246,[],False,['NEWLY ENGAGED'],True,False,False,False,False,False,False,False
1,1,3bf70350-1719-4be9-8073-37aef4084f2b,heimdal_test_LifeEvents_service-000001,SUCCESS,Artificial match,"[{""eventType"": ""NEWLY ENGAGED"", ""eventDate"": ""2021-06"", ""processDate"": ""2021-06-12""}]",cYc1jTu7LVjd2iB58wa6wjTjeEOtnRUWPzyy5GxLJDw=,Hugo, Danner,, 11/12/1964, 63724 Ramsey Way, TX, Dallas,75246,[],False,['NEWLY ENGAGED'],True,False,False,False,False,False,False,False
2,2,4688b6bf-63d2-4797-b90d-25b457cbeb31,heimdal_test_LifeEvents_service-000002,SUCCESS,Artificial match,"[{""eventType"": ""NEWLY SINGLE"", ""eventDate"": ""2021-06"", ""processDate"": ""2021-06-11""}]",KKi5DWdrF8mDjlFixw7xnGWC90wCdeedPQ6Fp584dSM=,Sibilla, Wardley,, 09/01/1949, PO BOX 12112, AZ, Vail,85641,[],False,['NEWLY SINGLE'],False,True,False,False,False,False,False,False
3,3,0efb88f1-e9ba-460b-b1b0-0f4ec9aaf62c,heimdal_test_LifeEvents_service-000003,NO EVENTS FOUND,Artificial match,[],ZuV7gWJ0LWG50ZJJP3b44WN53t8Ux4nkv/XKHxJ70o0=,Oggie, Jarrel,, 02/14/1951, 826 Kildeer Hl, OH, Dayton,45419,[],False,[],False,False,False,False,False,False,False,False
4,4,dc277bf4-9917-45a0-b416-971769563d01,heimdal_test_LifeEvents_service-000004,NO EVENTS FOUND,Artificial match,[],xmooyoBMwsytNykVlvGhJUBcf2o3vIS7DazPJDW9Jmk=,Winnie, Jarrel,, 03/27/1952, 826 Kildeer Hl, OH, Dayton,45419,[],False,[],False,False,False,False,False,False,False,False
5,5,304d4378-b8f2-48c6-95ef-bf59af821ecf,heimdal_test_LifeEvents_service-000005,SUCCESS,Artificial match,"[{""eventType"": ""NEWLY SINGLE"", ""eventDate"": ""2021-06"", ""processDate"": ""2021-06-05""}]",IsVK8bxU7bVwtm7bzVO2QUySYWvnruYjvO/XPYFkFWc=,Lilly, McLintock,, 03/04/1972, 826 Kildeer Hl, OH, Dayton,45419,[],False,['NEWLY SINGLE'],False,True,False,False,False,False,False,False
6,6,12b653c0-1c1c-4137-84e2-6e08ab2a60bc,heimdal_test_LifeEvents_service-000006,SUCCESS,Artificial match,"[{""eventType"": ""NEWLY ENGAGED"", ""eventDate"": ""2021-06"", ""processDate"": ""2021-06-04""}]",f4o9CTqC5v9sXkBj7STiGTR7IBt0btGRHPUazfSq9LU=,Freida, Marcinkus,, 12/11/1997, 4 Kedzie Point, NC, Charlotte,28242,[],False,['NEWLY ENGAGED'],True,False,False,False,False,False,False,False
7,7,da0f8215-5334-4285-9e0f-b1dcc28ca0fb,heimdal_test_LifeEvents_service-000007,NO EVENTS FOUND,Artificial match,[],3LRG46THeNqayD+bXOUMpHrGMYjleCCN0Ky1Z0FPXdg=,Raimund, Marcinkus,, 09/30/1975, 4 Kedzie Point, NC, Charlotte,28242,[],False,[],False,False,False,False,False,False,False,False
8,8,29095900-867c-4479-8e1f-5ddb08a6be87,heimdal_test_LifeEvents_service-000008,SUCCESS,Artificial match,"[{""eventType"": ""PREMOVER AT CONTRACT"", ""eventDate"": ""2021-05-31"", ""processDate"": ""2021-06-02""}]",yAhGu80Ha3PlBwtoatGR4qgy9+/VBzRK5KIWhWy4gWY=,Nicole, Velazquez,, 06/11/1977, 4 Kedzie Point, NC, Charlotte,28242,[],False,['PREMOVER AT CONTRACT'],False,False,False,False,False,True,False,False
9,9,254e441b-14a2-4a6b-bf39-f0f884f5df00,heimdal_test_LifeEvents_service-000009,SUCCESS,Artificial match,"[{""eventType"": ""NEW BABY"", ""eventDate"": ""2021-05"", ""processDate"": ""2021-04-17""}, {""eventType"": ""NEWLY MARRIED"", ""eventDate"": ""2021-05"", ""processDate"": ""2021-05-31""}, {""eventType"": ""PRENATAL"", ""eventDate"": ""2021-05"", ""processDate"": ""2020-10-01""}]",jmLCQIvxqwGmYhghr0u28ARNZvjadFwkAkR+u6zL/5k=,Frida, Marcinkus,, 12/11/1999, 4 Kedzie Point, NC, Charlotte,28242,[],False,"['NEW BABY', 'NEWLY MARRIED', 'PRENATAL']",False,False,True,True,True,False,False,False
10,10,863ebf3b-ef7f-4c96-85c4-45166a0c8c1c,heimdal_test_LifeEvents_service-000010,NO EVENTS FOUND,Artificial match,[],eCNG4GCqYZzNfhEt0iSiT3z46un0vCDaZ7gwm2qYUPE=,Loralie, Huard,, 03/06/1980, 86 Londonderry Terrace, CA, Pasadena,91125,[],False,[],False,False,False,False,False,False,False,False
11,11,c51bece0-6143-4ca4-a24c-1ab114c2e85d,heimdal_test_LifeEvents_service-000011,SUCCESS,Artificial match,"[{""eventType"": ""PRENATAL"", ""eventDate"": ""2022-02"", ""processDate"": ""2021-05-30""}]",4UEvKZLYe6MyMu17ONZ2pV+PiCFj5Hfiees1yEYlOCk=,Yajee, Huard,, 07/04/1985, 86 Londonderry Terrace, CA, Pasadena,91125,[],False,['PRENATAL'],False,False,False,False,True,False,False,False
12,12,374d8138-5935-4778-99bb-94320d3cafa0,heimdal_test_LifeEvents_service-000012,SUCCESS,Artificial match,"[{""eventType"": ""NEWLY MARRIED"", ""eventDate"": ""2021-05"", ""processDate"": ""2021-05-29""}]",Oa31u3qJd1CI1vQdxhWb2E9m9UtGeimGyc/NPEoPXDc=,Mohammed, Huard,, 09/01/1937, 86 Londonderry Terrace, CA, Pasadena,91125,[],False,['NEWLY MARRIED'],False,False,False,True,False,False,False,False
13,13,597bc95b-ea8b-4373-9d51-26b53c4b3f18,heimdal_test_LifeEvents_service-000013,SUCCESS,Artificial match,"[{""eventType"": ""NEWLY MARRIED"", ""eventDate"": ""2021-05"", ""processDate"": ""2021-05-28""}]",MioibVsAGbTJAXs72FqCenUyXvegIRrNHOLVMTM6Bx4=,Teressa, Huard,, 02/01/1977, 86 Londonderry Terrace, CA, Pasadena,91125,[],False,['NEWLY MARRIED'],False,False,False,True,False,False,False,False
14,14,1e332ef8-7de3-499f-94f4-a25bfd9412c5,heimdal_test_LifeEvents_service-000014,SUCCESS,Artificial match,"[{""eventType"": ""NEWLY ENGAGED"", ""eventDate"": ""2021-05"", ""processDate"": ""2021-05-27""}]",GoLdPHPfJ6eYx9YgybXqwXao6AeOWYwsmiCxnDGYcvo=,June, Huard,, 09/07/1967, 86 Londonderry Terrace, CA, Pasadena,91125,[],False,['NEWLY ENGAGED'],True,False,False,False,False,False,False,False
15,15,17d20c84-089f-43af-80c3-0ee474706487,heimdal_test_LifeEvents_service-000015,SUCCESS,Artificial match,"[{""eventType"": ""NEWLY SINGLE"", ""eventDate"": ""2021-05"", ""processDate"": ""2021-05-26""}]",i25l20ba6lzcdZNA6v3idRRz/n8sxY0Y4bIvOiIpZKA=,Barton, Crumbie,, 06/01/1975, 6263 Charing Cross Ct, TX, Fort Worth,76147,[],False,['NEWLY SINGLE'],False,True,False,False,False,False,False,False
16,16,29d07810-22f3-4611-aebe-95e8bade0030,heimdal_test_LifeEvents_service-000016,NO EVENTS FOUND,Artificial match,[],6rUNpJjJkhsB8a1ziOaE9kFVR20IKnTovpfORqv6rwA=,Maudie, Papaminas,, 11/26/1981, 956 Oakridge Circle, PA, Pittsburgh,15235,[],False,[],False,False,False,False,False,False,False,False
17,17,574b05ba-cae0-4419-ab32-3df61c670cc5,heimdal_test_LifeEvents_service-000017,NO EVENTS FOUND,Artificial match,[],0yJnpnerFL9N3ZaGD4pBZx8T27RrxXZmgex3R9iGxjA=,Juliann, Oulner,, 02/21/1990, 98301 Farmco Drive, FL, Miami,33124,[],False,[],False,False,False,False,False,False,False,False
18,18,9be672ed-66f1-4115-9c68-af780ff64c9c,heimdal_test_LifeEvents_service-000018,NO EVENTS FOUND,Artificial match,[],oA0zzwyNLhRbdBaemgDLQ5Iz4Sg0AgjpV0jJFU2NKY8=,Guy, Kleinert,, 06/01/1985, 9 Bartelt Parkway, CO, Denver,80279,[],False,[],False,False,False,False,False,False,False,False
19,19,cc4bf47a-f347-4eda-b770-032ca68d3f12,heimdal_test_LifeEvents_service-000019,SUCCESS,Artificial match,"[{""eventType"": ""NEWLY MARRIED"", ""eventDate"": ""2021-05"", ""processDate"": ""2021-05-20""}]",o0hT/USp93ETKSczAo2E30huG9Q732qwWM2Lsffyx7w=,Tina, Chantrell,, 10/01/1985, PO BOX 72059, NY, Port Washington,11054,[],False,['NEWLY MARRIED'],False,False,False,True,False,False,False,False
20,20,0b70ff18-59db-4008-b371-547a50c94f05,heimdal_test_LifeEvents_service-000020,SUCCESS,Artificial match,"[{""eventType"": ""NEWLY MARRIED"", ""eventDate"": ""2021-05"", ""processDate"": ""2021-05-19""}]",PDZl6zF+YNLohb1qo+xXxYeDRYKh0J/IFai5SB8YjKE=,Augustine, Chantrell,, 04/02/1984, PO BOX 72059, NY, Port Washington,11054,[],False,['NEWLY MARRIED'],False,False,False,True,False,False,False,False
21,21,b48416ca-7246-4575-b00f-008767252c2c,heimdal_test_LifeEvents_service-000021,NO EVENTS FOUND,Artificial match,[],aCJDAXbI6jqY1qKJ4mZ0RoTDvmCVnRqwULDEr0OIPNw=,Edward, Thomke,, 06/04/1960, 0722 Waubesa Trl, NY, Rochester,14624,[],False,[],False,False,False,False,False,False,False,False
22,22,ffc92b07-65ce-4698-a79c-c7d14d2dd75c,heimdal_test_LifeEvents_service-000022,NO EVENTS FOUND,Artificial match,[],Qfjp1ilMkvBXJfkQ7VqbgsY9gT5LjSjHNJphKFcY/Bc=,Elna, Thomke,, 12/09/1962, 0722 Waubesa Trail, NY, Rochester,14624,[],False,[],False,False,False,False,False,False,False,False
23,23,9c0823de-a88f-4d4d-b91d-c442c28eb803,heimdal_test_LifeEvents_service-000023,SUCCESS,Artificial match,"[{""eventType"": ""PREMOVER AT LIST"", ""eventDate"": ""2021-05-12"", ""processDate"": ""2021-05-14""}]",8VDaqWBYLx8r2oStaltz9hiz3NHCpihLRovOLSjOcBE=,Red, Renachowski,, 09/09/1976, 77 Chinook Pt, VA, Virginia Beach,23454,[],False,['PREMOVER AT LIST'],False,False,False,False,False,False,True,False
24,24,43699704-7f04-43d4-9991-34cd14cdfd47,heimdal_test_LifeEvents_service-000024,SUCCESS,Artificial match,"[{""eventType"": ""PREMOVER AT LIST"", ""eventDate"": ""2021-05-12"", ""processDate"": ""2021-05-14""}, {""eventType"": ""PRENATAL"", ""eventDate"": ""2022-02"", ""processDate"": ""2021-05-11""}]",b2HHR+H9DlrRtSD7NT00NhjCrdtIbkUvwkk/m5dQyfE=,Rubi, Renachowski,, 02/07/1986, 77 Chinook Pt, VA, Virginia Beach,23454,[],False,"['PREMOVER AT LIST', 'PRENATAL']",False,False,False,False,True,False,True,False
25,25,8c80c81a-88d3-4ece-a192-c1db86962ad4,heimdal_test_LifeEvents_service-000025,SUCCESS,Artificial match,"[{""eventType"": ""NEWLY SINGLE"", ""eventDate"": ""2021-05"", ""processDate"": ""2021-05-11""}]",QgQxJlnolpW+aUXK6UKcDBQB9fPOJJ2QDOUFIMzu1CE=,Robert, Smith,, 07/03/1963, 380 Morrow Terrace, CO, Longmont,80503,[],False,['NEWLY SINGLE'],False,True,False,False,False,False,False,False
26,26,61b10bb9-ae43-4310-892c-13a3263bb828,heimdal_test_LifeEvents_service-000026,SUCCESS,Artificial match,"[{""eventType"": ""NEW MOVER"", ""eventDate"": ""2021-05-06"", ""processDate"": ""2021-05-08""}, {""eventType"": ""NEW BABY"", ""eventDate"": ""2021-05"", ""processDate"": ""2021-05-05""}]",0cQ6kX4lDBkagZWHTySJsM8/JOMaFDPZVqg3AjasIeI=,Chris, Autterson,, 09/09/1960, 1295 Betty Lane, TX, Austin,73301,[],False,"['NEW MOVER', 'NEW BABY']",False,False,True,False,False,False,False,True
27,27,91d120b5-6bbf-49b3-80d6-ef4e4e3387b7,heimdal_test_LifeEvents_service-000027,SUCCESS,Artificial match,"[{""eventType"": ""NEW MOVER"", ""eventDate"": ""2021-05-06"", ""processDate"": ""2021-05-08""}, {""eventType"": ""NEW BABY"", ""eventDate"": ""2021-05"", ""processDate"": ""2021-05-05""}]",sTkCeQFm8ln+6x34D/bmCpv5WZ99xeJR/GNtqNUi0z4=,Sheri, Autterson,, 08/24/1968, 1295 Betty Lane, TX, Austin,73301,[],False,"['NEW MOVER', 'NEW BABY']",False,False,True,False,False,False,False,True
28,28,82f611b9-399a-4baf-aee8-44173afc2f4d,heimdal_test_LifeEvents_service-000028,SUCCESS,Artificial match,"[{""eventType"": ""NEW MOVER"", ""eventDate"": ""2021-05-02"", ""processDate"": ""2021-05-04""}]",bh8f1xjqBYZCB1/kgEn/CKtPaFkjeWAsJvRvVDkAI94=,Tyrone, Westgarth,, 04/10/1993, 1295 Betty Lane, TX, Austin,73301,[],False,['NEW MOVER'],False,False,False,False,False,False,False,True
29,29,645a3682-96ef-496f-8c44-0f08d06fb103,heimdal_test_LifeEvents_service-000029,SUCCESS,Artificial match,"[{""eventType"": ""NEW MOVER"", ""eventDate"": ""2021-04-30"", ""processDate"": ""2021-05-02""}]",Kix4To7iG94ayULVP8bxJE990T0ZzwCyo4dmItzKT30=,Carissa, Sharma,, 04/23/1983, 1295 Betty Lane, TX, Austin,73301,[],False,['NEW MOVER'],False,False,False,False,False,False,False,True
30,30,80c9cf31-30ba-42bb-8805-a221cb5e9cfc,heimdal_test_LifeEvents_service-000030,SUCCESS,Artificial match,"[{""eventType"": ""PREMOVER AT CONTRACT"", ""eventDate"": ""2021-04-28"", ""processDate"": ""2021-04-30""}]",2K7vI/b7ZRLxIyaJHlfVSzNUK/Ez1WpPkpZN3fcGJzs=,Jefferson, Smith,, 07/25/1975, 55 Main St, TX, Dallas,75204,[],False,['PREMOVER AT CONTRACT'],False,False,False,False,False,True,False,False
31,31,97d69ade-fb4a-449c-8564-ba404f9f18f4,heimdal_test_LifeEvents_service-000031,SUCCESS,Artificial match,"[{""eventType"": ""PREMOVER AT CONTRACT"", ""eventDate"": ""2021-04-26"", ""processDate"": ""2021-04-28""}]",q/dsAFQCkNi51FWEkDQt+bd098U3Nfw0yW2tcKJ+uzY=,Jenet, Kennedy,, 06/25/1975, 55 Main St, TX, Dallas,75204,[],False,['PREMOVER AT CONTRACT'],False,False,False,False,False,True,False,False
32,32,fe1ca30c-8aaf-463b-bfc1-09bccb0d910b,heimdal_test_LifeEvents_service-000032,SUCCESS,Artificial match,"[{""eventType"": ""PREMOVER AT LIST"", ""eventDate"": ""2021-04-24"", ""processDate"": ""2021-04-26""}]",3X0bQzZZ7fEqqnY27A12Q1Gi4kXDnlSpauJkHWoiLuY=,Carlita, Hovenden,, 02/02/1954, 6730 Cottonwood Pt, NV, Henderson,89012,[],False,['PREMOVER AT LIST'],False,False,False,False,False,False,True,False
33,33,50f30361-314f-4c32-af36-b583edef7edd,heimdal_test_LifeEvents_service-000033,SUCCESS,Artificial match,"[{""eventType"": ""PREMOVER AT LIST"", ""eventDate"": ""2021-04-23"", ""processDate"": ""2021-04-25""}]",qv5ysGzMrPSH8iqqFKBpld0n2dgDHtMpxinTV+RwxWw=,Gualterio, Hovenden,, 05/07/1952, 6730 Cottonwood Pt, NV, Henderson,89012,[],False,['PREMOVER AT LIST'],False,False,False,False,False,False,True,False
34,34,593958c8-fd33-4ff9-922b-1d28e3dc3030,heimdal_test_LifeEvents_service-000034,NO EVENTS FOUND,Artificial match,[],gPvudtWc8Q/2cOd3jHnRKj5OtExt/7gIPHQEVnh/tIk=,Chanda, Wrate,, 04/21/1966, 54687 Rieder Cir, TX, Amarillo,79171,[],False,[],False,False,False,False,False,False,False,False
35,35,addc44ad-bdee-4cd3-96c5-28aad4ff6745,heimdal_test_LifeEvents_service-000035,NO EVENTS FOUND,Artificial match,[],7qr6GD6+OjZdv4DwrnKBzOEg/AXyE7XpeCLUFDgVb6Y=,Cherye, Paal,, 09/09/1956, 1 Thackeray Dr, TX, Austin,78769,[],False,[],False,False,False,False,False,False,False,False
36,36,28c66bf2-8e6e-47c3-a8aa-728dd25ae32f,heimdal_test_LifeEvents_service-000036,SUCCESS,Artificial match,"[{""eventType"": ""NEW MOVER"", ""eventDate"": ""2021-04-20"", ""processDate"": ""2021-04-22"", ""otherData"": {""previousAddress"": {""addressLine1"": ""8 JUDY PKWY"", ""city"": ""EL PASO"", ""state"": ""TX"", ""zipCode"": ""79989""}, ""currentAddress"": {""addressLine1"": ""2187 FARRAGUT AVE"", ""city"": ""COLUMBUS"", ""state"": ""OH"", ""zipCode"": ""43220""}}}]",h8vlIS6zSP/LfQ8kGFrki17BcQuKFjNjk9YU+58r+X8=,Reuven, Larenson,, 07/04/1962, 8 Judy Pkwy, TX, El Paso,79989,[],False,['NEW MOVER'],False,False,False,False,False,False,False,True
37,37,77505e33-1b9b-431a-994b-accca554170b,heimdal_test_LifeEvents_service-000037,SUCCESS,Artificial match,"[{""eventType"": ""NEW MOVER"", ""eventDate"": ""2021-04-20"", ""processDate"": ""2021-04-22"", ""otherData"": {""previousAddress"": {""addressLine1"": ""8 JUDY PKWY"", ""city"": ""EL PASO"", ""state"": ""TX"", ""zipCode"": ""79989""}, ""currentAddress"": {""addressLine1"": ""2187 FARRAGUT AVE"", ""city"": ""COLUMBUS"", ""state"": ""OH"", ""zipCode"": ""43220""}}}]",PdAZdvLfioFDSJLo/lufaVP0sJMVK/ljB4GAExvL1Jw=,Reuven, Larenson,, 07/04/1962, 2187 Farragut Ave, OH, Columbus,43220,[],False,['NEW MOVER'],False,False,False,False,False,False,False,True
38,38,add60e1e-8e7d-4758-96c5-1023b2d69563,heimdal_test_LifeEvents_service-000038,NO EVENTS FOUND,Artificial match,[],QIIRFHr0Qkst1+E4n5r/UuVZmPbsqBEEqxktXsFSw44=,Gradey, Madders,, 06/19/1964, 8 Toban Alley, IL, Naperville,60567,[],False,[],False,False,False,False,False,False,False,False
39,39,14187fa6-4a6c-473c-9f0b-097a9be34770,heimdal_test_LifeEvents_service-000039,SUCCESS,Artificial match,"[{""eventType"": ""NEWLY SINGLE"", ""eventDate"": ""2021-04"", ""processDate"": ""2021-04-20""}]",W4hHQJGkVe6yv9NP/zCsS5SF3058R3EwkZG7QGwx5to=,Fowler, Schubert,, 10/28/1948, 2 Burning Wood Pt Unit 104, IL, Palatine,60078,[],False,['NEWLY SINGLE'],False,True,False,False,False,False,False,False
40,40,33460cc0-dfbe-4368-b7be-3e18e918fc10,heimdal_test_LifeEvents_service-000040,SUCCESS,Artificial match,"[{""eventType"": ""NEWLY SINGLE"", ""eventDate"": ""2021-04"", ""processDate"": ""2021-04-19""}]",1RH8ArofMj54qt+Xw1YDVnywR0yJRvn82ENI5SFDD7I=,Haleigh, Cotesford,, 11/23/1930, 1459 Marquette Jct Apt B105, IL, Peoria,61629,[],False,['NEWLY SINGLE'],False,True,False,False,False,False,False,False
41,41,58848b94-9113-49b0-b65b-cbfd323ffab6,heimdal_test_LifeEvents_service-000041,NO EVENTS FOUND,Artificial match,[],DAAPD6qIogLJGQFt1cbXt7r4VK7dvAdh5AfTaV63rw0=,Kyle,Murdock,,05/20/1970,18595 Old Aldrin Highway,CO,Highlands Ranch,80126,[],False,[],False,False,False,False,False,False,False,False
42,42,ed5e53b3-fa1c-4faa-ba4d-a42b3fd9fe3e,heimdal_test_LifeEvents_service-000042,NO EVENTS FOUND,Artificial match,[],mfv6+Ce4k17fKxHUdfwl2KWPLiLAUgBF/pvcu+vGtpM=,Sharon,Murdock,,12/08/1971,18595 Old Aldrin Highway,CO,Highlands Ranch,80126,[],False,[],False,False,False,False,False,False,False,False
43,43,cbc0d8d7-0369-45a7-ac76-dc636bfd3c8b,heimdal_test_LifeEvents_service-000043,NO EVENTS FOUND,Artificial match,[],bcnV8B5lnYuX+YbW0x+UjpQPe+2iykBISsR5hhWTZZA=,Andy,Murdock,,03/10/2006,18595 Old Aldrin Highway,CO,Highlands Ranch,80126,[],False,[],False,False,False,False,False,False,False,False
44,44,29f9fc06-e729-414e-9d1d-baab8448dd5e,heimdal_test_LifeEvents_service-000044,SUCCESS,Artificial match,"[{""eventType"": ""PREMOVER AT CONTRACT"", ""eventDate"": ""2021-06-05"", ""processDate"": ""2021-06-07""}]",3ObyqTzl3Kuddhub2N6WXz19t1CRQ4My7gfqR5h9evg=,Janet,Williams,,08/12/1959,5321 Red Oak Ln,AL,Bedford Falls,50613,[],False,['PREMOVER AT CONTRACT'],False,False,False,False,False,True,False,False
45,45,f43ca07c-ba40-4a5a-ab03-833c47d6ffe9,heimdal_test_LifeEvents_service-000045,SUCCESS,Artificial match,"[{""eventType"": ""NEWLY ENGAGED"", ""eventDate"": ""2021-06"", ""processDate"": ""2021-06-08""}]",ShNLOTWKb30ppCkYNMM2pI2hFRGURdq7DDpSoxOjZhc=,Hank,Chelsea,,01/07/2000,8 White Tail Rd,AR,Hot Springs Village,71909,[],False,['NEWLY ENGAGED'],True,False,False,False,False,False,False,False
46,46,d67ded7d-7a0b-4b69-83b4-aec6789a885a,heimdal_test_LifeEvents_service-000046,SUCCESS,Artificial match,"[{""eventType"": ""NEW BABY"", ""eventDate"": ""2021-04"", ""processDate"": ""2021-03-18""}, {""eventType"": ""PRENATAL"", ""eventDate"": ""2021-04"", ""processDate"": ""2020-09-01""}]",tBIGT9FRiBYfEogQpVPEQ7DEKzZR4NECl1QFMLn1qhs=,Kira,Johnson,,06/19/1990,134 E Santa Mesa Ct,AZ,Tempe,85282,[],False,"['NEW BABY', 'PRENATAL']",False,False,True,False,True,False,False,False
47,47,198b9198-9e26-40d3-bb25-bea77dcc6635,heimdal_test_LifeEvents_service-000047,SUCCESS,Artificial match,"[{""eventType"": ""NEWLY SINGLE"", ""eventDate"": ""2021-05"", ""processDate"": ""2021-05-13""}]",RzO332i2bU8GG0iYyOvxQ7c94b/1qTokKwnor9biRtw=,Randall,Pearson,,07/15/1980,643 Walden Ct,CO,Fort Collins,80126,[],False,['NEWLY SINGLE'],False,True,False,False,False,False,False,False
48,48,9c8a4d30-dfe4-4517-8ec4-44ac622d4b23,heimdal_test_LifeEvents_service-000048,SUCCESS,Artificial match,"[{""eventType"": ""NEW MOVER"", ""eventDate"": ""2021-06-01"", ""processDate"": ""2021-06-03"", ""otherData"": {""previousAddress"": {""addressLine1"": ""300 WILLIAMS ST NE APT 410"", ""city"": ""WASHINGTON"", ""state"": ""DC"", ""zipCode"": ""20011""}, ""currentAddress"": {""addressLine1"": ""12109 OAK TREE CT"", ""city"": ""FAIRFAX"", ""state"": ""VA"", ""zipCode"": ""22030""}}}]",wKa3Ctt7yHeUfaLWTxwJz5rF5VMI7fGUj6z22LeVsy0=,Ramon,Martinez,,08/15/1962,300 Williams St NE Apt 410,DC,Washington,20011,[],False,['NEW MOVER'],False,False,False,False,False,False,False,True
49,49,2cd4b6fb-869a-4670-a34d-ca899deb3eb1,heimdal_test_LifeEvents_service-000049,SUCCESS,Artificial match,"[{""eventType"": ""NEW MOVER"", ""eventDate"": ""2021-06-01"", ""processDate"": ""2021-06-03"", ""otherData"": {""previousAddress"": {""addressLine1"": ""300 WILLIAMS ST NE APT 410"", ""city"": ""WASHINGTON"", ""state"": ""DC"", ""zipCode"": ""20011""}, ""currentAddress"": {""addressLine1"": ""12109 OAK TREE CT"", ""city"": ""FAIRFAX"", ""state"": ""VA"", ""zipCode"": ""22030""}}}]",XUCFKzjH6629MmmzrWKUuy8KjftRchpsPemRDOlu+w0=,Ramon,Martinez,,08/15/1962,12109 Oak Tree Ct,VA,Fairfax,22030,[],False,['NEW MOVER'],False,False,False,False,False,False,False,True
50,50,713f40c5-efdd-4a48-b14c-eeeb5db5944b,heimdal_test_LifeEvents_service-000050,SUCCESS,Artificial match,"[{""eventType"": ""NEW MOVER"", ""eventDate"": ""2021-06-01"", ""processDate"": ""2021-06-03"", ""otherData"": {""previousAddress"": {""addressLine1"": ""300 WILLIAMS ST NE APT 410"", ""city"": ""WASHINGTON"", ""state"": ""DC"", ""zipCode"": ""20011""}, ""currentAddress"": {""addressLine1"": ""12109 OAK TREE CT"", ""city"": ""FAIRFAX"", ""state"": ""VA"", ""zipCode"": ""22030""}}}]",eVCbEwvHtK7fzfsSPt8SeR1sAIYyW6I9uqcMlfofCkI=,Erin,Martinez,,10/05/1967,300 Williams St NE Apt 410,DC,Washington,20011,[],False,['NEW MOVER'],False,False,False,False,False,False,False,True
51,51,d5d4ecbb-bd34-4a99-9967-a19e97996aa6,heimdal_test_LifeEvents_service-000051,SUCCESS,Artificial match,"[{""eventType"": ""NEW MOVER"", ""eventDate"": ""2021-06-01"", ""processDate"": ""2021-06-03"", ""otherData"": {""previousAddress"": {""addressLine1"": ""300 WILLIAMS ST NE APT 410"", ""city"": ""WASHINGTON"", ""state"": ""DC"", ""zipCode"": ""20011""}, ""currentAddress"": {""addressLine1"": ""12109 OAK TREE CT"", ""city"": ""FAIRFAX"", ""state"": ""VA"", ""zipCode"": ""22030""}}}]",77dt/auG5hO/OINUGitFDV1SFQcx0RQRGANljW07/jQ=,Erin,Martinez,,10/05/1967,12109 Oak Tree Ct,VA,Fairfax,22030,[],False,['NEW MOVER'],False,False,False,False,False,False,False,True
52,52,e78b8fba-9c51-4cac-8e5e-a649781fcf84,heimdal_test_LifeEvents_service-000052,SUCCESS,Artificial match,"[{""eventType"": ""NEW MOVER"", ""eventDate"": ""2021-06-01"", ""processDate"": ""2021-06-03"", ""otherData"": {""previousAddress"": {""addressLine1"": ""300 WILLIAMS ST NE APT 410"", ""city"": ""WASHINGTON"", ""state"": ""DC"", ""zipCode"": ""20011""}, ""currentAddress"": {""addressLine1"": ""12109 OAK TREE CT"", ""city"": ""FAIRFAX"", ""state"": ""VA"", ""zipCode"": ""22030""}}}]",dskMOi+/LlFP9IvBFvBobu7VNlWTCG6Vy9i+7gW4YAA=,Olivia,Martinez,,09/15/2001,300 Williams St NE Apt 410,DC,Washington,20011,[],False,['NEW MOVER'],False,False,False,False,False,False,False,True
53,53,e7ad2b62-1a38-408d-9d5e-55485ebcb870,heimdal_test_LifeEvents_service-000053,SUCCESS,Artificial match,"[{""eventType"": ""NEW MOVER"", ""eventDate"": ""2021-06-01"", ""processDate"": ""2021-06-03"", ""otherData"": {""previousAddress"": {""addressLine1"": ""300 WILLIAMS ST NE APT 410"", ""city"": ""WASHINGTON"", ""state"": ""DC"", ""zipCode"": ""20011""}, ""currentAddress"": {""addressLine1"": ""12109 OAK TREE CT"", ""city"": ""FAIRFAX"", ""state"": ""VA"", ""zipCode"": ""22030""}}}]",DEcRBfaFaOfoZqQjJu9oRftnads1Du72D+pmu/eUXpQ=,Olivia,Martinez,,09/15/2001,12109 Oak Tree Ct,VA,Fairfax,22030,[],False,['NEW MOVER'],False,False,False,False,False,False,False,True
54,54,4a8be908-c958-4aba-bd03-00835a587c4a,heimdal_test_LifeEvents_service-000054,SUCCESS,Artificial match,"[{""eventType"": ""PREMOVER AT LIST"", ""eventDate"": ""2021-06-10"", ""processDate"": ""2021-06-12""}]",P4neUf7bNZ4R3erYr7JrKR3alhzPs1SBsBsKhXu2zpA=,Arvinder,Singh,,01/19/1978,1581 Eglin Way SW,NE,Omaha,68124,[],False,['PREMOVER AT LIST'],False,False,False,False,False,False,True,False
55,55,6c5a910e-9851-443f-85ea-2c2d27b1139d,heimdal_test_LifeEvents_service-000055,SUCCESS,Artificial match,"[{""eventType"": ""NEWLY SINGLE"", ""eventDate"": ""2021-05"", ""processDate"": ""2021-05-15""}]",Hiv1mqzAN6fsSonMal6jERqbC9fBh3A79RSQ4yMm+lI=,James,Dursley,,10/17/1988,717 Hereford Dr,DE,Middletown,19709,[],False,['NEWLY SINGLE'],False,True,False,False,False,False,False,False
56,56,0ec287ea-8926-4f3c-ada9-62292cf5439b,heimdal_test_LifeEvents_service-000056,SUCCESS,Artificial match,"[{""eventType"": ""PRENATAL"", ""eventDate"": ""2022-02"", ""processDate"": ""2021-06-11""}]",kpmjEUx76UZVywi+svoezgBoL46fqRYoCbp9jcir1XQ=,Alia,Gabriel,,10/19/1996,620 Navigation Blvd,DE,New Castle,19720,[],False,['PRENATAL'],False,False,False,False,True,False,False,False
57,57,e472dbb6-2994-4353-a344-db3294d01ce2,heimdal_test_LifeEvents_service-000057,SUCCESS,Artificial match,"[{""eventType"": ""PREMOVER AT LIST"", ""eventDate"": ""2021-06-07"", ""processDate"": ""2021-06-09""}]",gmJKV/F+jMEEUUOdPzwwTPnD1LeBvQzBy65TKMpAx6Q=,Amy,Nye,,06/20/1957,16854 Westport Blvd,DE,Randor,19968,[],False,['PREMOVER AT LIST'],False,False,False,False,False,False,True,False
58,58,8a68454b-1509-4904-b3f4-dbd659ce23f6,heimdal_test_LifeEvents_service-000058,SUCCESS,Artificial match,"[{""eventType"": ""NEW BABY"", ""eventDate"": ""2020-11"", ""processDate"": ""2020-10-18""}, {""eventType"": ""PRENATAL"", ""eventDate"": ""2020-11"", ""processDate"": ""2020-04-01""}]",jLDF55vIbVDMgxWrwqZa0IVgfnL1lJIfdGJmUfkRgNw=,Hanna,Parmely,,08/20/1998,1732 Torrey Pines St,FL,Milton,32570,[],False,"['NEW BABY', 'PRENATAL']",False,False,True,False,True,False,False,False
59,59,125a7252-8105-488c-8263-d6254dfcb4b0,heimdal_test_LifeEvents_service-000059,NO EVENTS FOUND,Artificial match,[],MoFXjYcWnMLnsoR/oCY/e8K/m5V0FPkD80st8sM0oJA=,Wyatt,Parmely,,02/16/1997,1732 Torrey Pines St,FL,Milton,32570,[],False,[],False,False,False,False,False,False,False,False
60,60,a9401c9f-d918-4dd8-93d1-a575b4a21182,heimdal_test_LifeEvents_service-000060,SUCCESS,Artificial match,"[{""eventType"": ""NEWLY MARRIED"", ""eventDate"": ""2021-05"", ""processDate"": ""2021-05-25""}]",aCl4pGUK6T2Upw3Tau/KAwP2rkIa1W8zfhuJx6x0UDI=,Stacy,Maddow,,09/12/1969,70 Belgrove St,GA,Savannah,31407,[],False,['NEWLY MARRIED'],False,False,False,True,False,False,False,False
61,61,9a248587-f9c7-4ce1-b15c-0e8766c89b3d,heimdal_test_LifeEvents_service-000061,SUCCESS,Artificial match,"[{""eventType"": ""NEWLY MARRIED"", ""eventDate"": ""2021-05"", ""processDate"": ""2021-05-25""}]",x2Nnoq4oLaRKctsaGnsXUe5APC+qmKKpG+VothG9fK4=,Ellen,Maddow,,02/15/1973,70 Belgrove St,GA,Savannah,31407,[],False,['NEWLY MARRIED'],False,False,False,True,False,False,False,False
62,62,e391579a-ad54-49f0-8ebf-da1f21458f43,heimdal_test_LifeEvents_service-000062,NO EVENTS FOUND,Artificial match,[],8Y/cpQxQ5tR086/RSN+wHOUe2/MthbylOQmHwGgWVg4=,Tim,Warren,,09/23/1982,7505 Sailboat Cv,GA,Ft Stewart,31315,[],False,[],False,False,False,False,False,False,False,False
63,63,f6af4313-efbd-4432-8eeb-72b61dc1807a,heimdal_test_LifeEvents_service-000063,SUCCESS,Artificial match,"[{""eventType"": ""PREMOVER AT LIST"", ""eventDate"": ""2021-06-10"", ""processDate"": ""2021-06-12""}]",coUHdo0T1k2iSHeJ+wwGmjpXJS+rAu+SpIETM/mGWRs=,John,Hull,,10/12/1968,1411 Trenton Ave NE,GA,Grovetown,30813,[],False,['PREMOVER AT LIST'],False,False,False,False,False,False,True,False
64,64,197d8f15-79d5-474d-8b7d-2aee2c6588cf,heimdal_test_LifeEvents_service-000064,SUCCESS,Artificial match,"[{""eventType"": ""PREMOVER AT LIST"", ""eventDate"": ""2021-06-10"", ""processDate"": ""2021-06-12""}]",bfF0CXW43cELLPv2TSSLMOYtHNgl3lfXcPkneuOeXgw=,Allison,Hull,,07/19/1972,1411 Trenton Ave NE,GA,Grovetown,30813,[],False,['PREMOVER AT LIST'],False,False,False,False,False,False,True,False
65,65,9c643e97-757d-42ff-8da7-f2606e5143c2,heimdal_test_LifeEvents_service-000065,SUCCESS,Artificial match,"[{""eventType"": ""NEWLY SINGLE"", ""eventDate"": ""2021-04"", ""processDate"": ""2021-04-05""}]",uAymqHSsj2gxzZxBOSe83NXCqZDO0B4WQbDPE1KZ8rk=,Chris,Lowe,,05/02/1958,3920 Carter Blvd,GA,Marinez,30907,[],False,['NEWLY SINGLE'],False,True,False,False,False,False,False,False
66,66,1c9c283e-1e8a-498f-8309-65b99adbe2a1,heimdal_test_LifeEvents_service-000066,SUCCESS,Artificial match,"[{""eventType"": ""NEW MOVER"", ""eventDate"": ""2021-06-09"", ""processDate"": ""2021-06-11"", ""otherData"": {""previousAddress"": {""addressLine1"": ""2515 EDGEMONT"", ""city"": ""JOHNSTON"", ""state"": ""IA"", ""zipCode"": ""50131""}, ""currentAddress"": {""addressLine1"": ""4513 W 185TH ST"", ""city"": ""SHAWNEE"", ""state"": ""KS"", ""zipCode"": ""66218""}}}]",jttCxofTvV7VT8vrZlTfegnqvBt8ttRDR6zcyScaxzc=,Bob,Simpson,,10/07/1943,2515 Edgemont,IA,Johnston,50131,[],False,['NEW MOVER'],False,False,False,False,False,False,False,True
67,67,3381769f-3233-4fe1-be5a-bb011fc6ceb6,heimdal_test_LifeEvents_service-000067,SUCCESS,Artificial match,"[{""eventType"": ""NEW MOVER"", ""eventDate"": ""2021-06-09"", ""processDate"": ""2021-06-11"", ""otherData"": {""previousAddress"": {""addressLine1"": ""2515 EDGEMONT"", ""city"": ""JOHNSTON"", ""state"": ""IA"", ""zipCode"": ""50131""}, ""currentAddress"": {""addressLine1"": ""4513 W 185TH ST"", ""city"": ""SHAWNEE"", ""state"": ""KS"", ""zipCode"": ""66218""}}}]",5T3APKcMYqpsqT/maUIMZ8gAVZkfs49uMsTkU90JpM8=,Bob,Simpson,,10/07/1943,4513 W 185th St,Ks,Shawnee,66218,[],False,['NEW MOVER'],False,False,False,False,False,False,False,True
68,68,be9cdf04-ef28-4e31-a42c-ea22d0e79fed,heimdal_test_LifeEvents_service-000068,SUCCESS,Artificial match,"[{""eventType"": ""NEW MOVER"", ""eventDate"": ""2021-06-09"", ""processDate"": ""2021-06-11"", ""otherData"": {""previousAddress"": {""addressLine1"": ""2515 EDGEMONT"", ""city"": ""JOHNSTON"", ""state"": ""IA"", ""zipCode"": ""50131""}, ""currentAddress"": {""addressLine1"": ""4513 W 185TH ST"", ""city"": ""SHAWNEE"", ""state"": ""KS"", ""zipCode"": ""66218""}}}]",cxdQak9goUq9tOy9trLh+DcdSesf3bSIzaSJVme+35k=,Betty,Simpson,,10/20/1947,2515 Edgemont,IA,Johnston,50131,[],False,['NEW MOVER'],False,False,False,False,False,False,False,True
69,69,dfbd0bbf-8f72-4b33-a089-4564da4948a9,heimdal_test_LifeEvents_service-000069,SUCCESS,Artificial match,"[{""eventType"": ""NEW MOVER"", ""eventDate"": ""2021-06-09"", ""processDate"": ""2021-06-11"", ""otherData"": {""previousAddress"": {""addressLine1"": ""2515 EDGEMONT"", ""city"": ""JOHNSTON"", ""state"": ""IA"", ""zipCode"": ""50131""}, ""currentAddress"": {""addressLine1"": ""4513 W 185TH ST"", ""city"": ""SHAWNEE"", ""state"": ""KS"", ""zipCode"": ""66218""}}}]",tO8ukhVVYgVcMw9jIFyu6+k5kKlm11CISqOcH0I6YEI=,Betty,Simpson,,10/20/1947,4513 W 185th St,KS,Shawnee,66218,[],False,['NEW MOVER'],False,False,False,False,False,False,False,True
70,70,3495aef7-e34f-4dab-b5aa-3556b9d2f68f,heimdal_test_LifeEvents_service-000070,SUCCESS,Artificial match,"[{""eventType"": ""PREMOVER AT LIST"", ""eventDate"": ""2021-06-11"", ""processDate"": ""2021-06-13""}]",iK6k80FpUWXianOa3zUyMHyobyzOLeKtNZlFujdnJS8=,Tilly,Franks,,01/12/1940,1306 Gibson Ave,IA,Cedar Rapids,52405,[],False,['PREMOVER AT LIST'],False,False,False,False,False,False,True,False
71,71,b3a52d91-a7c1-46e9-bb41-72ec446cc65d,heimdal_test_LifeEvents_service-000071,SUCCESS,Artificial match,"[{""eventType"": ""NEW MOVER"", ""eventDate"": ""2021-06-10"", ""processDate"": ""2021-06-12"", ""otherData"": {""previousAddress"": {""addressLine1"": ""2910 NW SOUTHPARK DR"", ""city"": ""ANKENY"", ""state"": ""IA"", ""zipCode"": ""50023""}, ""currentAddress"": {""addressLine1"": ""9711 PIONEER TRL"", ""city"": ""GLEN BURNIE"", ""state"": ""MD"", ""zipCode"": ""21060""}}}]",tdqNdgMdQZlaUkkFjohN0+t1ItK7jJzqn7bJvk0f4vQ=,Lauren,Daniels,,06/14/1975,2910 NW Southpark Dr,IA,Ankeny,50023,[],False,['NEW MOVER'],False,False,False,False,False,False,False,True
72,72,8ae9144d-b949-4dec-8173-9f65a37d21c0,heimdal_test_LifeEvents_service-000072,SUCCESS,Artificial match,"[{""eventType"": ""NEW MOVER"", ""eventDate"": ""2021-06-10"", ""processDate"": ""2021-06-12"", ""otherData"": {""previousAddress"": {""addressLine1"": ""2910 NW SOUTHPARK DR"", ""city"": ""ANKENY"", ""state"": ""IA"", ""zipCode"": ""50023""}, ""currentAddress"": {""addressLine1"": ""9711 PIONEER TRL"", ""city"": ""GLEN BURNIE"", ""state"": ""MD"", ""zipCode"": ""21060""}}}]",F8t0EgCYjdJpUCEZuY0jZSJadE4MIxh5AgqkoyQaKSI=,Lauren,Daniels,,06/14/1975,9711 Pioneer Trl,MD,Glen Burnie,21060,[],False,['NEW MOVER'],False,False,False,False,False,False,False,True
